,onehotencoder__estado_civil_casado (a),onehotencoder__estado_civil_divorciado (a),onehotencoder__estado_civil_solteiro (a),onehotencoder__escolaridade_fundamental,onehotencoder__escolaridade_medio,onehotencoder__escolaridade_superior,onehotencoder__inadimplencia_sim,onehotencoder__fez_emprestimo_sim,remainder__idade,remainder__saldo,remainder__tempo_ult_contato,remainder__numero_contatos
0,1.0,0.0,0.0,0.0,0.0,1.0,0.0,0.0,45.0,242.0,587.0,1.0
1,1.0,0.0,0.0,0.0,1.0,0.0,0.0,0.0,42.0,1289.0,250.0,4.0
2,0.0,0.0,1.0,0.0,0.0,1.0,0.0,0.0,23.0,363.0,16.0,18.0
3,0.0,1.0,0.0,0.0,0.0,1.0,0.0,0.0,58.0,1382.0,700.0,1.0
4,1.0,0.0,0.0,0.0,1.0,0.0,0.0,0.0,50.0,3357.0,239.0,4.0
5,0.0,0.0,1.0,0.0,1.0,0.0,0.0,1.0,24.0,174.0,487.0,1.0
6,1.0,0.0,0.0,0.0,0.0,1.0,0.0,0.0,53.0,4446.0,429.0,1.0
7,1.0,0.0,0.0,0.0,1.0,0.0,0.0,0.0,30.0,946.0,1065.0,1.0
8,1.0,0.0,0.0,1.0,0.0,0.0,0.0,0.0,39.0,879.0,102.0,2.0
9,0.0,1.0,0.0,0.0,1.0,0.0,0.0,0.0,30.0,-94.0,41.0,2.0
10,0.0,0.0,1.0,0.0,0.0,1.0,0.0,0.0,34.0,5086.0,213.0,4.0
11,1.0,0.0,0.0,1.0,0.0,0.0,0.0,0.0,39.0,7685.0,493.0,3.0
12,1.0,0.0,0.0,0.0,1.0,0.0,0.0,1.0,33.0,139.0,732.0,2.0
13,1.0,0.0,0.0,0.0,0.0,1.0,0.0,0.0,34.0,1116.0,53.0,5.0
14,0.0,0.0,1.0,0.0,0.0,1.0,0.0,0.0,38.0,0.0,71.0,1.0
15,0.0,1.0,0.0,0.0,1.0,0.0,0.0,0.0,33.0,2411.0,130.0,1.0
16,1.0,0.0,0.0,1.0,0.0,0.0,0.0,0.0,48.0,559.0,1231.0,2.0
17,1.0,0.0,0.0,0.0,1.0,0.0,0.0,0.0,39.0,0.0,793.0,2.0
18,1.0,0.0,0.0,0.0,1.0,0.0,0.0,0.0,53.0,70.0,611.0,2.0
19,1.0,0.0,0.0,0.0,1.0,0.0,0.0,0.0,80.0,8304.0,712.0,1.0
20,0.0,1.0,0.0,0.0,1.0,0.0,0.0,0.0,38.0,157.0,299.0,5.0
21,0.0,0.0,1.0,0.0,1.0,0.0,0.0,0.0,24.0,-46.0,23.0,1.0
22,1.0,0.0,0.0,0.0,1.0,0.0,0.0,0.0,44.0,10888.0,163.0,1.0
23,0.0,1.0,0.0,0.0,0.0,1.0,0.0,0.0,46.0,624.0,336.0,2.0
24,1.0,0.0,0.0,0.0,1.0,0.0,0.0,0.0,53.0,719.0,230.0,1.0
25,1.0,0.0,0.0,0.0,0.0,1.0,0.0,0.0,30.0,102.0,470.0,7.0
26,1.0,0.0,0.0,1.0,0.0,0.0,0.0,0.0,41.0,7735.0,220.0,1.0
27,0.0,0.0,1.0,0.0,0.0,1.0,0.0,0.0,47.0,4402.0,805.0,1.0
28,0.0,0.0,1.0,0.0,1.0,0.0,0.0,0.0,30.0,2145.0,727.0,2.0
29,1.0,0.0,0.0,0.0,1.0,0.0,0.0,0.0,47.0,1167.0,968.0,1.0
30,0.0,0.0,1.0,0.0,1.0,0.0,0.0,0.0,32.0,118.0,1275.0,1.0
31,1.0,0.0,0.0,0.0,1.0,0.0,0.0,1.0,27.0,-247.0,344.0,2.0
32,0.0,0.0,1.0,0.0,1.0,0.0,0.0,1.0,58.0,1640.0,72.0,6.0
33,1.0,0.0,0.0,0.0,1.0,0.0,0.0,0.0,51.0,2662.0,148.0,2.0
34,1.0,0.0,0.0,0.0,1.0,0.0,0.0,0.0,47.0,2246.0,330.0,1.0
35,1.0,0.0,0.0,0.0,1.0,0.0,0.0,0.0,34.0,475.0,559.0,1.0
36,1.0,0.0,0.0,0.0,0.0,1.0,0.0,0.0,40.0,1584.0,661.0,1.0
37,0.0,1.0,0.0,0.0,1.0,0.0,0.0,0.0,44.0,0.0,264.0,5.0
38,0.0,1.0,0.0,0.0,1.0,0.0,1.0,0.0,55.0,-404.0,502.0,3.0
39,1.0,0.0,0.0,0.0,0.0,1.0,0.0,0.0,71.0,14220.0,397.0,1.0
40,1.0,0.0,0.0,1.0,0.0,0.0,0.0,1.0,38.0,168.0,212.0,3.0
41,1.0,0.0,0.0,0.0,0.0,1.0,0.0,0.0,38.0,12877.0,118.0,3.0
42,1.0,0.0,0.0,0.0,0.0,1.0,0.0,0.0,54.0,98.0,420.0,4.0
43,1.0,0.0,0.0,0.0,0.0,1.0,0.0,0.0,43.0,13342.0,465.0,1.0
44,1.0,0.0,0.0,0.0,0.0,1.0,0.0,0.0,31.0,8312.0,43.0,13.0
45,0.0,1.0,0.0,0.0,0.0,1.0,0.0,0.0,36.0,119.0,127.0,8.0
46,1.0,0.0,0.0,0.0,0.0,1.0,0.0,0.0,31.0,156.0,657.0,7.0
47,1.0,0.0,0.0,0.0,0.0,1.0,0.0,0.0,33.0,3696.0,305.0,1.0
48,1.0,0.0,0.0,0.0,1.0,0.0,0.0,1.0,30.0,-393.0,435.0,1.0
49,1.0,0.0,0.0,0.0,1.0,0.0,0.0,1.0,38.0,497.0,88.0,5.0
50,1.0,0.0,0.0,0.0,1.0,0.0,0.0,0.0,52.0,335.0,411.0,1.0
51,1.0,0.0,0.0,0.0,0.0,1.0,0.0,1.0,57.0,27069.0,174.0,3.0
52,0.0,0.0,1.0,0.0,1.0,0.0,0.0,0.0,31.0,40.0,123.0,2.0
53,1.0,0.0,0.0,0.0,1.0,0.0,0.0,0.0,51.0,117.0,467.0,2.0
54,1.0,0.0,0.0,0.0,1.0,0.0,0.0,0.0,34.0,1337.0,330.0,2.0
55,1.0,0.0,0.0,0.0,1.0,0.0,0.0,0.0,59.0,259.0,415.0,1.0
56,1.0,0.0,0.0,0.0,1.0,0.0,0.0,0.0,34.0,1831.0,203.0,2.0
57,1.0,0.0,0.0,0.0,0.0,1.0,0.0,0.0,35.0,1265.0,326.0,5.0
58,0.0,0.0,1.0,1.0,0.0,0.0,0.0,0.0,29.0,950.0,135.0,3.0
59,0.0,1.0,0.0,0.0,0.0,1.0,0.0,0.0,38.0,1513.0,330.0,1.0
60,0.0,0.0,1.0,0.0,1.0,0.0,0.0,0.0,41.0,1680.0,76.0,2.0
61,1.0,0.0,0.0,0.0,1.0,0.0,0.0,1.0,34.0,61.0,21.0,1.0
62,1.0,0.0,0.0,0.0,0.0,1.0,0.0,0.0,37.0,0.0,129.0,4.0
63,1.0,0.0,0.0,0.0,1.0,0.0,0.0,0.0,50.0,579.0,83.0,4.0
64,1.0,0.0,0.0,1.0,0.0,0.0,0.0,0.0,55.0,2275.0,139.0,9.0
65,0.0,1.0,0.0,1.0,0.0,0.0,0.0,0.0,45.0,0.0,211.0,2.0
66,1.0,0.0,0.0,0.0,0.0,1.0,0.0,0.0,35.0,8.0,55.0,4.0
67,1.0,0.0,0.0,0.0,0.0,1.0,0.0,0.0,49.0,87.0,165.0,1.0
68,1.0,0.0,0.0,0.0,1.0,0.0,0.0,0.0,36.0,3064.0,240.0,3.0
69,0.0,0.0,1.0,0.0,0.0,1.0,0.0,0.0,22.0,691.0,338.0,1.0
70,1.0,0.0,0.0,0.0,0.0,1.0,0.0,0.0,41.0,771.0,106.0,8.0
71,1.0,0.0,0.0,0.0,1.0,0.0,0.0,0.0,48.0,340.0,255.0,2.0
72,1.0,0.0,0.0,1.0,0.0,0.0,0.0,0.0,49.0,1032.0,41.0,5.0
73,1.0,0.0,0.0,0.0,1.0,0.0,0.0,1.0,55.0,1467.0,277.0,2.0
74,0.0,0.0,1.0,0.0,0.0,1.0,0.0,0.0,28.0,0.0,767.0,5.0
75,0.0,0.0,1.0,0.0,0.0,1.0,0.0,0.0,34.0,84.0,231.0,1.0
76,0.0,1.0,0.0,0.0,0.0,1.0,0.0,0.0,60.0,366.0,593.0,1.0
77,0.0,1.0,0.0,0.0,0.0,1.0,0.0,0.0,43.0,388.0,2087.0,2.0
78,1.0,0.0,0.0,0.0,0.0,1.0,0.0,0.0,57.0,320.0,76.0,2.0
79,1.0,0.0,0.0,0.0,1.0,0.0,0.0,0.0,38.0,-673.0,364.0,1.0
80,0.0,0.0,1.0,0.0,0.0,1.0,0.0,0.0,35.0,470.0,743.0,13.0
81,0.0,1.0,0.0,0.0,0.0,1.0,0.0,1.0,54.0,2171.0,1034.0,1.0
82,1.0,0.0,0.0,0.0,0.0,1.0,0.0,1.0,40.0,-495.0,303.0,2.0
83,0.0,0.0,1.0,0.0,1.0,0.0,0.0,0.0,45.0,0.0,768.0,2.0
84,1.0,0.0,0.0,0.0,1.0,0.0,0.0,1.0,61.0,313.0,42.0,1.0
85,1.0,0.0,0.0,1.0,0.0,0.0,1.0,1.0,57.0,195.0,185.0,4.0
86,0.0,0.0,1.0,0.0,1.0,0.0,0.0,0.0,32.0,230.0,442.0,1.0
87,0.0,0.0,1.0,0.0,0.0,1.0,0.0,0.0,49.0,151.0,97.0,3.0
88,0.0,0.0,1.0,0.0,0.0,1.0,0.0,0.0,43.0,1696.0,257.0,1.0
89,0.0,0.0,1.0,0.0,1.0,0.0,0.0,0.0,20.0,502.0,261.0,1.0
90,0.0,0.0,1.0,1.0,0.0,0.0,0.0,0.0,49.0,2146.0,1516.0,2.0
91,1.0,0.0,0.0,1.0,0.0,0.0,0.0,0.0,76.0,2590.0,68.0,12.0
92,1.0,0.0,0.0,0.0,1.0,0.0,0.0,0.0,48.0,480.0,830.0,1.0
93,1.0,0.0,0.0,0.0,1.0,0.0,0.0,0.0,49.0,687.0,772.0,1.0
94,1.0,0.0,0.0,0.0,0.0,1.0,0.0,0.0,49.0,3726.0,875.0,2.0
95,0.0,1.0,0.0,0.0,1.0,0.0,0.0,0.0,33.0,106.0,175.0,3.0
96,0.0,0.0,1.0,0.0,0.0,1.0,0.0,1.0,32.0,1100.0,67.0,1.0
97,1.0,0.0,0.0,0.0,1.0,0.0,0.0,0.0,34.0,-228.0,187.0,3.0
98,1.0,0.0,0.0,1.0,0.0,0.0,0.0,0.0,37.0,403.0,318.0,2.0
99,0.0,0.0,1.0,0.0,0.0,1.0,0.0,0.0,34.0,415.0,123.0,1.0
100,1.0,0.0,0.0,0.0,1.0,0.0,0.0,0.0,31.0,1660.0,342.0,1.0
101,1.0,0.0,0.0,0.0,0.0,1.0,0.0,0.0,32.0,2431.0,646.0,5.0
102,1.0,0.0,0.0,0.0,0.0,1.0,0.0,0.0,38.0,3436.0,663.0,4.0
103,1.0,0.0,0.0,0.0,1.0,0.0,0.0,0.0,47.0,302.0,89.0,3.0
104,0.0,0.0,1.0,0.0,0.0,1.0,0.0,0.0,31.0,3283.0,258.0,1.0
105,0.0,0.0,1.0,0.0,1.0,0.0,0.0,0.0,27.0,213.0,378.0,1.0
106,1.0,0.0,0.0,0.0,1.0,0.0,0.0,1.0,31.0,0.0,79.0,3.0
107,0.0,0.0,1.0,0.0,1.0,0.0,0.0,0.0,35.0,1810.0,65.0,2.0
108,1.0,0.0,0.0,0.0,1.0,0.0,0.0,0.0,32.0,1905.0,709.0,2.0
109,1.0,0.0,0.0,0.0,0.0,1.0,0.0,0.0,31.0,0.0,298.0,1.0
110,0.0,0.0,1.0,0.0,0.0,1.0,0.0,1.0,35.0,62.0,67.0,1.0
111,1.0,0.0,0.0,0.0,0.0,1.0,0.0,1.0,40.0,194.0,189.0,2.0
112,1.0,0.0,0.0,0.0,0.0,1.0,0.0,1.0,38.0,2278.0,244.0,1.0
113,0.0,0.0,1.0,0.0,0.0,1.0,0.0,1.0,34.0,18.0,359.0,1.0
114,1.0,0.0,0.0,1.0,0.0,0.0,0.0,0.0,49.0,937.0,66.0,1.0
115,1.0,0.0,0.0,0.0,1.0,0.0,0.0,0.0,33.0,0.0,1448.0,7.0
116,0.0,0.0,1.0,0.0,0.0,1.0,0.0,0.0,40.0,226.0,176.0,2.0
117,1.0,0.0,0.0,0.0,1.0,0.0,0.0,0.0,34.0,1553.0,200.0,2.0
118,1.0,0.0,0.0,0.0,1.0,0.0,0.0,0.0,50.0,0.0,86.0,4.0
119,1.0,0.0,0.0,0.0,0.0,1.0,0.0,0.0,34.0,606.0,97.0,1.0
120,1.0,0.0,0.0,0.0,1.0,0.0,1.0,0.0,32.0,-53.0,648.0,1.0
121,0.0,0.0,1.0,0.0,1.0,0.0,0.0,0.0,40.0,10378.0,523.0,3.0
122,1.0,0.0,0.0,1.0,0.0,0.0,0.0,0.0,43.0,8167.0,114.0,2.0
123,0.0,1.0,0.0,0.0,1.0,0.0,0.0,0.0,68.0,4189.0,897.0,2.0
124,1.0,0.0,0.0,1.0,0.0,0.0,0.0,0.0,60.0,65.0,1028.0,2.0
125,0.0,0.0,1.0,0.0,1.0,0.0,0.0,0.0,39.0,102.0,272.0,2.0
126,1.0,0.0,0.0,1.0,0.0,0.0,0.0,1.0,45.0,180.0,62.0,2.0
127,0.0,0.0,1.0,0.0,1.0,0.0,0.0,0.0,32.0,678.0,1579.0,1.0
128,1.0,0.0,0.0,0.0,1.0,0.0,0.0,0.0,26.0,-759.0,191.0,1.0
129,0.0,0.0,1.0,0.0,1.0,0.0,0.0,0.0,21.0,2488.0,258.0,6.0
130,1.0,0.0,0.0,0.0,0.0,1.0,0.0,0.0,42.0,0.0,118.0,6.0
131,1.0,0.0,0.0,0.0,1.0,0.0,0.0,0.0,33.0,3935.0,765.0,1.0
132,1.0,0.0,0.0,0.0,0.0,1.0,0.0,0.0,39.0,1047.0,554.0,1.0
133,1.0,0.0,0.0,0.0,1.0,0.0,0.0,0.0,33.0,3470.0,285.0,2.0
134,1.0,0.0,0.0,0.0,1.0,0.0,0.0,0.0,75.0,6053.0,865.0,2.0
135,1.0,0.0,0.0,0.0,0.0,1.0,0.0,0.0,30.0,0.0,209.0,2.0
136,1.0,0.0,0.0,0.0,1.0,0.0,0.0,0.0,54.0,2206.0,104.0,1.0
137,1.0,0.0,0.0,0.0,0.0,1.0,0.0,0.0,42.0,372.0,654.0,2.0
138,1.0,0.0,0.0,0.0,1.0,0.0,0.0,1.0,32.0,950.0,219.0,4.0
139,0.0,0.0,1.0,0.0,0.0,1.0,0.0,0.0,45.0,2048.0,310.0,1.0
140,1.0,0.0,0.0,0.0,0.0,1.0,0.0,0.0,31.0,4148.0,316.0,3.0
141,0.0,1.0,0.0,1.0,0.0,0.0,0.0,0.0,83.0,1097.0,181.0,1.0
142,1.0,0.0,0.0,0.0,1.0,0.0,0.0,0.0,34.0,247.0,401.0,2.0
143,0.0,1.0,0.0,1.0,0.0,0.0,0.0,0.0,47.0,126.0,2456.0,2.0
144,1.0,0.0,0.0,0.0,1.0,0.0,0.0,0.0,59.0,204.0,286.0,2.0
145,1.0,0.0,0.0,0.0,0.0,1.0,0.0,1.0,48.0,1167.0,264.0,1.0
146,0.0,0.0,1.0,0.0,0.0,1.0,0.0,0.0,29.0,1445.0,328.0,2.0
147,1.0,0.0,0.0,0.0,1.0,0.0,0.0,0.0,33.0,478.0,475.0,2.0
148,1.0,0.0,0.0,0.0,0.0,1.0,0.0,0.0,31.0,325.0,1139.0,2.0
149,0.0,1.0,0.0,0.0,1.0,0.0,0.0,0.0,58.0,462.0,495.0,1.0
150,1.0,0.0,0.0,1.0,0.0,0.0,0.0,0.0,38.0,-363.0,340.0,2.0
151,1.0,0.0,0.0,0.0,1.0,0.0,0.0,0.0,52.0,-888.0,135.0,1.0
152,1.0,0.0,0.0,0.0,1.0,0.0,0.0,0.0,36.0,-461.0,254.0,2.0
153,0.0,1.0,0.0,0.0,0.0,1.0,0.0,0.0,50.0,201.0,248.0,1.0
154,1.0,0.0,0.0,0.0,1.0,0.0,0.0,0.0,27.0,7.0,98.0,2.0
155,0.0,1.0,0.0,0.0,1.0,0.0,0.0,0.0,37.0,0.0,146.0,4.0
156,1.0,0.0,0.0,0.0,1.0,0.0,0.0,0.0,45.0,827.0,319.0,5.0
157,1.0,0.0,0.0,0.0,1.0,0.0,0.0,0.0,40.0,0.0,297.0,1.0
158,1.0,0.0,0.0,0.0,1.0,0.0,0.0,0.0,48.0,302.0,208.0,3.0
159,0.0,0.0,1.0,0.0,0.0,1.0,0.0,1.0,36.0,678.0,85.0,3.0
160,1.0,0.0,0.0,0.0,1.0,0.0,0.0,0.0,49.0,2201.0,233.0,3.0
161,1.0,0.0,0.0,0.0,1.0,0.0,0.0,0.0,36.0,63.0,56.0,8.0
162,1.0,0.0,0.0,0.0,1.0,0.0,0.0,0.0,39.0,1439.0,73.0,6.0
163,0.0,0.0,1.0,0.0,1.0,0.0,0.0,0.0,28.0,198.0,128.0,2.0
164,1.0,0.0,0.0,0.0,0.0,1.0,0.0,0.0,33.0,641.0,347.0,2.0
165,1.0,0.0,0.0,0.0,1.0,0.0,0.0,0.0,30.0,1743.0,192.0,4.0
166,1.0,0.0,0.0,0.0,1.0,0.0,0.0,0.0,32.0,4.0,145.0,2.0
167,1.0,0.0,0.0,0.0,1.0,0.0,0.0,0.0,49.0,2039.0,451.0,1.0
168,1.0,0.0,0.0,0.0,1.0,0.0,0.0,0.0,57.0,1044.0,585.0,1.0
169,1.0,0.0,0.0,0.0,0.0,1.0,0.0,0.0,34.0,3050.0,469.0,1.0
170,1.0,0.0,0.0,0.0,0.0,1.0,0.0,0.0,29.0,451.0,451.0,1.0
171,1.0,0.0,0.0,0.0,1.0,0.0,0.0,0.0,36.0,465.0,160.0,1.0
172,1.0,0.0,0.0,0.0,1.0,0.0,0.0,0.0,41.0,77.0,56.0,1.0
173,1.0,0.0,0.0,0.0,0.0,1.0,0.0,0.0,38.0,432.0,10.0,2.0
174,1.0,0.0,0.0,0.0,1.0,0.0,0.0,0.0,36.0,2394.0,184.0,2.0
175,0.0,0.0,1.0,0.0,0.0,1.0,0.0,0.0,30.0,305.0,633.0,1.0
176,0.0,1.0,0.0,1.0,0.0,0.0,0.0,0.0,78.0,229.0,97.0,1.0
177,1.0,0.0,0.0,0.0,1.0,0.0,0.0,0.0,42.0,-921.0,115.0,2.0
178,0.0,0.0,1.0,0.0,0.0,1.0,0.0,0.0,30.0,2.0,102.0,1.0
179,0.0,0.0,1.0,0.0,1.0,0.0,0.0,1.0,29.0,-20.0,574.0,1.0
180,0.0,0.0,1.0,0.0,1.0,0.0,0.0,0.0,31.0,1086.0,410.0,1.0
181,1.0,0.0,0.0,0.0,1.0,0.0,0.0,0.0,59.0,2308.0,815.0,1.0
182,0.0,0.0,1.0,0.0,1.0,0.0,0.0,0.0,30.0,3107.0,1516.0,2.0
183,1.0,0.0,0.0,0.0,0.0,1.0,0.0,0.0,48.0,1147.0,389.0,1.0
184,1.0,0.0,0.0,1.0,0.0,0.0,0.0,0.0,49.0,889.0,388.0,1.0
185,0.0,0.0,1.0,1.0,0.0,0.0,0.0,0.0,27.0,1209.0,283.0,1.0
186,0.0,0.0,1.0,0.0,0.0,1.0,1.0,0.0,37.0,0.0,108.0,1.0
187,0.0,1.0,0.0,0.0,0.0,1.0,0.0,0.0,75.0,3810.0,262.0,1.0
188,0.0,1.0,0.0,0.0,1.0,0.0,0.0,1.0,46.0,-90.0,270.0,1.0
189,1.0,0.0,0.0,0.0,1.0,0.0,0.0,1.0,34.0,1897.0,441.0,1.0
190,1.0,0.0,0.0,0.0,1.0,0.0,0.0,0.0,59.0,92.0,139.0,2.0
191,1.0,0.0,0.0,1.0,0.0,0.0,0.0,0.0,79.0,8556.0,326.0,2.0
192,0.0,0.0,1.0,0.0,0.0,1.0,0.0,0.0,28.0,442.0,474.0,3.0
193,1.0,0.0,0.0,0.0,1.0,0.0,1.0,1.0,35.0,0.0,105.0,3.0
194,1.0,0.0,0.0,0.0,1.0,0.0,0.0,0.0,42.0,292.0,222.0,3.0
195,1.0,0.0,0.0,0.0,1.0,0.0,0.0,1.0,28.0,225.0,866.0,2.0
196,1.0,0.0,0.0,1.0,0.0,0.0,0.0,0.0,55.0,298.0,144.0,3.0
197,1.0,0.0,0.0,0.0,1.0,0.0,0.0,0.0,43.0,2160.0,261.0,1.0
198,1.0,0.0,0.0,0.0,1.0,0.0,0.0,0.0,50.0,7317.0,172.0,1.0
199,1.0,0.0,0.0,0.0,0.0,1.0,0.0,0.0,33.0,640.0,318.0,1.0
200,0.0,0.0,1.0,0.0,1.0,0.0,0.0,0.0,26.0,255.0,457.0,1.0
201,1.0,0.0,0.0,1.0,0.0,0.0,0.0,0.0,66.0,206.0,479.0,1.0
202,1.0,0.0,0.0,0.0,1.0,0.0,0.0,0.0,32.0,1005.0,215.0,1.0
203,0.0,1.0,0.0,0.0,1.0,0.0,0.0,0.0,53.0,751.0,343.0,4.0
204,1.0,0.0,0.0,0.0,1.0,0.0,0.0,0.0,60.0,-396.0,443.0,1.0
205,1.0,0.0,0.0,0.0,1.0,0.0,0.0,0.0,61.0,985.0,998.0,6.0
206,1.0,0.0,0.0,1.0,0.0,0.0,0.0,0.0,72.0,763.0,384.0,2.0
207,1.0,0.0,0.0,0.0,0.0,1.0,0.0,0.0,34.0,436.0,28.0,1.0
208,1.0,0.0,0.0,0.0,1.0,0.0,0.0,0.0,53.0,1796.0,295.0,1.0
209,1.0,0.0,0.0,0.0,1.0,0.0,0.0,0.0,54.0,653.0,352.0,1.0
210,1.0,0.0,0.0,1.0,0.0,0.0,0.0,0.0,58.0,565.0,876.0,1.0
211,1.0,0.0,0.0,0.0,1.0,0.0,0.0,0.0,42.0,508.0,70.0,1.0
212,0.0,1.0,0.0,1.0,0.0,0.0,0.0,0.0,52.0,-191.0,755.0,1.0
213,1.0,0.0,0.0,0.0,0.0,1.0,0.0,0.0,36.0,6.0,246.0,1.0
214,0.0,0.0,1.0,1.0,0.0,0.0,0.0,0.0,33.0,92.0,127.0,1.0
215,1.0,0.0,0.0,0.0,1.0,0.0,0.0,0.0,67.0,16353.0,223.0,2.0
216,0.0,1.0,0.0,0.0,0.0,1.0,0.0,0.0,62.0,6.0,216.0,1.0
217,0.0,0.0,1.0,0.0,1.0,0.0,0.0,1.0,34.0,4943.0,117.0,2.0
218,1.0,0.0,0.0,0.0,1.0,0.0,0.0,0.0,70.0,2815.0,125.0,2.0
219,1.0,0.0,0.0,0.0,0.0,1.0,0.0,0.0,37.0,238.0,185.0,1.0
220,1.0,0.0,0.0,0.0,1.0,0.0,0.0,1.0,35.0,1067.0,179.0,6.0
221,0.0,1.0,0.0,0.0,1.0,0.0,0.0,0.0,55.0,3450.0,169.0,1.0
222,1.0,0.0,0.0,0.0,0.0,1.0,0.0,0.0,33.0,79.0,249.0,2.0
223,1.0,0.0,0.0,0.0,1.0,0.0,0.0,1.0,34.0,470.0,217.0,1.0
224,1.0,0.0,0.0,0.0,1.0,0.0,0.0,0.0,61.0,5207.0,336.0,1.0
225,1.0,0.0,0.0,0.0,1.0,0.0,0.0,0.0,47.0,0.0,676.0,1.0
226,1.0,0.0,0.0,0.0,1.0,0.0,0.0,0.0,35.0,152.0,563.0,1.0
227,1.0,0.0,0.0,0.0,1.0,0.0,0.0,0.0,40.0,1451.0,314.0,1.0
228,0.0,0.0,1.0,0.0,0.0,1.0,0.0,0.0,25.0,760.0,223.0,3.0
229,1.0,0.0,0.0,0.0,1.0,0.0,0.0,0.0,40.0,260.0,52.0,1.0
230,0.0,0.0,1.0,0.0,0.0,1.0,0.0,0.0,28.0,-328.0,318.0,2.0
231,1.0,0.0,0.0,0.0,1.0,0.0,0.0,1.0,33.0,0.0,83.0,12.0
232,1.0,0.0,0.0,0.0,1.0,0.0,0.0,0.0,52.0,431.0,73.0,17.0
233,1.0,0.0,0.0,0.0,1.0,0.0,0.0,0.0,49.0,3608.0,231.0,1.0
234,1.0,0.0,0.0,1.0,0.0,0.0,0.0,0.0,43.0,2567.0,109.0,1.0
235,1.0,0.0,0.0,0.0,0.0,1.0,0.0,0.0,37.0,1315.0,224.0,1.0
236,1.0,0.0,0.0,0.0,1.0,0.0,0.0,0.0,74.0,921.0,394.0,2.0
237,0.0,0.0,1.0,0.0,1.0,0.0,0.0,0.0,30.0,4.0,443.0,2.0
238,0.0,1.0,0.0,0.0,1.0,0.0,0.0,0.0,59.0,879.0,228.0,1.0
239,0.0,0.0,1.0,0.0,1.0,0.0,0.0,0.0,35.0,0.0,1073.0,1.0
240,0.0,0.0,1.0,0.0,0.0,1.0,0.0,0.0,33.0,3143.0,421.0,2.0
241,1.0,0.0,0.0,0.0,0.0,1.0,0.0,1.0,39.0,691.0,517.0,1.0
242,0.0,0.0,1.0,0.0,0.0,1.0,0.0,0.0,32.0,2185.0,354.0,2.0
243,0.0,1.0,0.0,0.0,0.0,1.0,0.0,0.0,42.0,7190.0,375.0,2.0
244,1.0,0.0,0.0,0.0,1.0,0.0,0.0,0.0,57.0,1469.0,364.0,1.0
245,0.0,0.0,1.0,0.0,1.0,0.0,0.0,0.0,33.0,22.0,76.0,2.0
246,1.0,0.0,0.0,0.0,1.0,0.0,0.0,0.0,37.0,1053.0,405.0,3.0
247,0.0,0.0,1.0,0.0,0.0,1.0,0.0,0.0,44.0,900.0,322.0,2.0
248,0.0,0.0,1.0,1.0,0.0,0.0,0.0,0.0,45.0,999.0,182.0,2.0
249,1.0,0.0,0.0,0.0,0.0,1.0,0.0,0.0,41.0,-29.0,41.0,2.0
250,0.0,0.0,1.0,1.0,0.0,0.0,0.0,0.0,26.0,3342.0,329.0,4.0
251,0.0,1.0,0.0,0.0,1.0,0.0,0.0,0.0,51.0,1069.0,247.0,2.0
252,0.0,1.0,0.0,0.0,1.0,0.0,0.0,0.0,46.0,7378.0,466.0,1.0
253,1.0,0.0,0.0,0.0,1.0,0.0,0.0,1.0,45.0,128.0,275.0,2.0
254,0.0,0.0,1.0,0.0,1.0,0.0,0.0,0.0,46.0,834.0,196.0,2.0
255,1.0,0.0,0.0,1.0,0.0,0.0,0.0,0.0,41.0,8.0,155.0,2.0
256,0.0,0.0,1.0,0.0,1.0,0.0,0.0,0.0,29.0,103.0,314.0,1.0
257,0.0,0.0,1.0,0.0,1.0,0.0,0.0,0.0,39.0,7066.0,667.0,3.0
258,0.0,0.0,1.0,0.0,1.0,0.0,0.0,0.0,41.0,231.0,76.0,2.0
259,1.0,0.0,0.0,1.0,0.0,0.0,0.0,0.0,59.0,748.0,184.0,1.0
260,1.0,0.0,0.0,0.0,1.0,0.0,0.0,1.0,47.0,405.0,994.0,2.0
261,1.0,0.0,0.0,0.0,1.0,0.0,0.0,0.0,34.0,2374.0,161.0,1.0
262,1.0,0.0,0.0,0.0,0.0,1.0,0.0,0.0,34.0,1657.0,566.0,2.0
263,0.0,1.0,0.0,0.0,1.0,0.0,0.0,0.0,51.0,1679.0,417.0,1.0
264,1.0,0.0,0.0,1.0,0.0,0.0,0.0,0.0,30.0,1317.0,395.0,2.0
265,0.0,0.0,1.0,1.0,0.0,0.0,0.0,1.0,42.0,1322.0,178.0,1.0
266,1.0,0.0,0.0,0.0,1.0,0.0,0.0,0.0,46.0,548.0,1181.0,4.0
267,0.0,0.0,1.0,0.0,0.0,1.0,0.0,0.0,36.0,2944.0,882.0,8.0
268,1.0,0.0,0.0,0.0,1.0,0.0,0.0,0.0,43.0,3285.0,1721.0,2.0
269,1.0,0.0,0.0,0.0,1.0,0.0,0.0,0.0,61.0,4608.0,212.0,1.0
270,0.0,0.0,1.0,0.0,1.0,0.0,0.0,0.0,31.0,2544.0,252.0,1.0
271,1.0,0.0,0.0,0.0,0.0,1.0,0.0,0.0,33.0,263.0,119.0,2.0
272,0.0,1.0,0.0,0.0,1.0,0.0,0.0,0.0,55.0,1613.0,296.0,1.0
273,0.0,0.0,1.0,0.0,1.0,0.0,1.0,0.0,30.0,4.0,84.0,3.0
274,1.0,0.0,0.0,1.0,0.0,0.0,0.0,0.0,39.0,1506.0,299.0,2.0
275,0.0,0.0,1.0,0.0,0.0,1.0,0.0,0.0,30.0,302.0,528.0,3.0
276,1.0,0.0,0.0,0.0,1.0,0.0,0.0,0.0,49.0,-454.0,558.0,1.0
277,0.0,0.0,1.0,0.0,1.0,0.0,0.0,0.0,32.0,811.0,563.0,1.0
278,1.0,0.0,0.0,0.0,0.0,1.0,0.0,0.0,36.0,1133.0,293.0,1.0
279,1.0,0.0,0.0,0.0,1.0,0.0,0.0,0.0,59.0,5314.0,200.0,3.0
280,1.0,0.0,0.0,0.0,1.0,0.0,0.0,0.0,39.0,260.0,146.0,1.0
281,0.0,0.0,1.0,0.0,1.0,0.0,0.0,0.0,34.0,215.0,350.0,3.0
282,1.0,0.0,0.0,0.0,0.0,1.0,0.0,0.0,33.0,150.0,151.0,2.0
283,0.0,1.0,0.0,0.0,1.0,0.0,0.0,0.0,42.0,1811.0,150.0,1.0
284,0.0,0.0,1.0,1.0,0.0,0.0,0.0,1.0,52.0,217.0,193.0,6.0
285,0.0,0.0,1.0,0.0,0.0,1.0,0.0,0.0,33.0,1240.0,505.0,2.0
286,1.0,0.0,0.0,0.0,0.0,1.0,0.0,0.0,36.0,1109.0,328.0,2.0
287,1.0,0.0,0.0,0.0,0.0,1.0,0.0,0.0,49.0,523.0,152.0,2.0
288,1.0,0.0,0.0,0.0,1.0,0.0,0.0,0.0,40.0,1012.0,410.0,1.0
289,0.0,1.0,0.0,0.0,0.0,1.0,0.0,0.0,45.0,220.0,89.0,4.0
290,1.0,0.0,0.0,0.0,1.0,0.0,0.0,0.0,60.0,89.0,156.0,2.0
291,0.0,0.0,1.0,0.0,1.0,0.0,0.0,0.0,36.0,1482.0,177.0,2.0
292,0.0,0.0,1.0,0.0,1.0,0.0,0.0,0.0,38.0,2543.0,223.0,1.0
293,1.0,0.0,0.0,1.0,0.0,0.0,0.0,0.0,53.0,2581.0,99.0,1.0
294,0.0,0.0,1.0,0.0,1.0,0.0,0.0,0.0,34.0,475.0,538.0,8.0
295,0.0,1.0,0.0,1.0,0.0,0.0,0.0,0.0,49.0,198.0,205.0,3.0
296,1.0,0.0,0.0,0.0,1.0,0.0,0.0,0.0,43.0,17555.0,14.0,14.0
297,0.0,0.0,1.0,0.0,0.0,1.0,0.0,0.0,46.0,334.0,36.0,6.0
298,0.0,0.0,1.0,0.0,0.0,1.0,0.0,0.0,39.0,0.0,561.0,4.0
299,0.0,0.0,1.0,0.0,1.0,0.0,0.0,0.0,45.0,410.0,891.0,4.0
300,1.0,0.0,0.0,0.0,1.0,0.0,0.0,0.0,53.0,25.0,528.0,2.0
301,1.0,0.0,0.0,0.0,1.0,0.0,0.0,0.0,41.0,4900.0,121.0,2.0
302,1.0,0.0,0.0,0.0,1.0,0.0,0.0,0.0,44.0,304.0,129.0,2.0
303,1.0,0.0,0.0,0.0,0.0,1.0,0.0,0.0,41.0,171.0,209.0,1.0
304,0.0,0.0,1.0,0.0,1.0,0.0,0.0,0.0,27.0,619.0,16.0,5.0
305,1.0,0.0,0.0,0.0,0.0,1.0,0.0,0.0,52.0,-970.0,489.0,1.0
306,1.0,0.0,0.0,0.0,0.0,1.0,0.0,0.0,31.0,2395.0,218.0,1.0
307,1.0,0.0,0.0,0.0,1.0,0.0,0.0,0.0,43.0,132.0,574.0,1.0
308,0.0,0.0,1.0,0.0,1.0,0.0,0.0,0.0,25.0,913.0,113.0,4.0
309,0.0,1.0,0.0,0.0,0.0,1.0,0.0,0.0,32.0,267.0,128.0,1.0
310,0.0,1.0,0.0,0.0,0.0,1.0,0.0,0.0,56.0,2959.0,325.0,1.0
311,1.0,0.0,0.0,0.0,1.0,0.0,0.0,0.0,30.0,975.0,256.0,2.0
312,1.0,0.0,0.0,0.0,0.0,1.0,0.0,0.0,61.0,997.0,106.0,1.0
313,1.0,0.0,0.0,0.0,1.0,0.0,0.0,0.0,29.0,0.0,83.0,6.0
314,0.0,0.0,1.0,0.0,0.0,1.0,0.0,0.0,31.0,1494.0,275.0,12.0
315,1.0,0.0,0.0,0.0,0.0,1.0,0.0,0.0,37.0,1698.0,95.0,2.0
316,0.0,0.0,1.0,1.0,0.0,0.0,0.0,0.0,31.0,26965.0,654.0,2.0
317,1.0,0.0,0.0,1.0,0.0,0.0,0.0,0.0,58.0,781.0,74.0,2.0
318,0.0,1.0,0.0,0.0,1.0,0.0,0.0,0.0,59.0,1026.0,669.0,1.0
319,0.0,0.0,1.0,0.0,0.0,1.0,0.0,0.0,30.0,201.0,325.0,2.0
320,0.0,0.0,1.0,0.0,1.0,0.0,0.0,0.0,35.0,0.0,1174.0,1.0
321,1.0,0.0,0.0,0.0,1.0,0.0,0.0,0.0,57.0,158.0,73.0,1.0
322,0.0,0.0,1.0,0.0,0.0,1.0,0.0,0.0,33.0,316.0,126.0,3.0
323,0.0,0.0,1.0,0.0,1.0,0.0,0.0,0.0,38.0,2253.0,937.0,3.0
324,0.0,1.0,0.0,0.0,1.0,0.0,0.0,1.0,51.0,2323.0,151.0,10.0
325,0.0,1.0,0.0,0.0,1.0,0.0,0.0,0.0,42.0,2974.0,187.0,5.0
326,1.0,0.0,0.0,1.0,0.0,0.0,0.0,0.0,54.0,541.0,237.0,3.0
327,0.0,0.0,1.0,1.0,0.0,0.0,0.0,1.0,28.0,0.0,380.0,4.0
328,1.0,0.0,0.0,0.0,1.0,0.0,0.0,0.0,35.0,13658.0,220.0,2.0
329,1.0,0.0,0.0,0.0,1.0,0.0,0.0,1.0,46.0,451.0,389.0,4.0
330,0.0,0.0,1.0,0.0,1.0,0.0,0.0,0.0,26.0,209.0,319.0,2.0
331,1.0,0.0,0.0,1.0,0.0,0.0,0.0,0.0,59.0,0.0,3025.0,2.0
332,1.0,0.0,0.0,1.0,0.0,0.0,0.0,1.0,53.0,104.0,701.0,1.0
333,0.0,0.0,1.0,0.0,1.0,0.0,0.0,0.0,47.0,3696.0,250.0,2.0
334,0.0,1.0,0.0,0.0,1.0,0.0,0.0,0.0,50.0,1111.0,50.0,1.0
335,0.0,0.0,1.0,0.0,1.0,0.0,0.0,0.0,36.0,1855.0,75.0,1.0
336,1.0,0.0,0.0,0.0,0.0,1.0,0.0,1.0,52.0,54.0,103.0,1.0
337,1.0,0.0,0.0,0.0,0.0,1.0,0.0,0.0,32.0,3939.0,209.0,2.0
338,0.0,0.0,1.0,0.0,1.0,0.0,0.0,0.0,22.0,2488.0,449.0,2.0
339,1.0,0.0,0.0,1.0,0.0,0.0,0.0,0.0,53.0,4143.0,200.0,3.0
340,1.0,0.0,0.0,0.0,1.0,0.0,0.0,1.0,52.0,196.0,116.0,1.0
341,1.0,0.0,0.0,0.0,1.0,0.0,0.0,1.0,41.0,8238.0,124.0,4.0
342,1.0,0.0,0.0,0.0,1.0,0.0,0.0,0.0,40.0,1100.0,660.0,2.0
343,1.0,0.0,0.0,0.0,0.0,1.0,0.0,0.0,34.0,899.0,377.0,3.0
344,0.0,0.0,1.0,0.0,0.0,1.0,0.0,0.0,35.0,2658.0,768.0,2.0
345,1.0,0.0,0.0,1.0,0.0,0.0,0.0,0.0,49.0,365.0,59.0,2.0
346,0.0,0.0,1.0,0.0,0.0,1.0,0.0,0.0,34.0,171.0,191.0,1.0
347,0.0,0.0,1.0,0.0,1.0,0.0,0.0,0.0,27.0,-195.0,391.0,1.0
348,1.0,0.0,0.0,0.0,1.0,0.0,0.0,0.0,63.0,3904.0,250.0,2.0
349,0.0,0.0,1.0,0.0,0.0,1.0,0.0,0.0,28.0,1562.0,659.0,4.0
350,0.0,0.0,1.0,0.0,0.0,1.0,0.0,0.0,28.0,0.0,479.0,1.0
351,0.0,0.0,1.0,0.0,1.0,0.0,0.0,0.0,32.0,0.0,181.0,2.0
352,0.0,0.0,1.0,0.0,0.0,1.0,0.0,0.0,34.0,-292.0,181.0,6.0
353,0.0,1.0,0.0,0.0,1.0,0.0,0.0,0.0,47.0,225.0,1126.0,4.0
354,0.0,0.0,1.0,0.0,0.0,1.0,0.0,1.0,36.0,442.0,102.0,3.0
355,0.0,1.0,0.0,0.0,0.0,1.0,0.0,0.0,56.0,442.0,77.0,3.0
356,1.0,0.0,0.0,0.0,1.0,0.0,0.0,0.0,27.0,897.0,397.0,1.0
357,0.0,0.0,1.0,0.0,1.0,0.0,0.0,0.0,42.0,30.0,98.0,1.0
358,1.0,0.0,0.0,0.0,1.0,0.0,0.0,0.0,29.0,228.0,12.0,8.0
359,1.0,0.0,0.0,0.0,0.0,1.0,0.0,1.0,29.0,199.0,1689.0,4.0
360,1.0,0.0,0.0,0.0,1.0,0.0,0.0,0.0,46.0,668.0,1263.0,2.0
361,0.0,1.0,0.0,1.0,0.0,0.0,0.0,0.0,45.0,757.0,103.0,1.0
362,1.0,0.0,0.0,0.0,0.0,1.0,0.0,0.0,37.0,489.0,205.0,5.0
363,1.0,0.0,0.0,0.0,1.0,0.0,0.0,0.0,46.0,390.0,208.0,2.0
364,1.0,0.0,0.0,0.0,1.0,0.0,0.0,0.0,40.0,61.0,112.0,3.0
365,0.0,1.0,0.0,0.0,1.0,0.0,0.0,0.0,44.0,14.0,167.0,1.0
366,0.0,0.0,1.0,1.0,0.0,0.0,0.0,0.0,42.0,1628.0,119.0,1.0
367,1.0,0.0,0.0,0.0,1.0,0.0,0.0,0.0,32.0,2089.0,132.0,1.0
368,0.0,0.0,1.0,0.0,1.0,0.0,0.0,0.0,38.0,-242.0,1173.0,3.0
369,1.0,0.0,0.0,1.0,0.0,0.0,0.0,0.0,71.0,4657.0,93.0,5.0
370,1.0,0.0,0.0,0.0,1.0,0.0,0.0,0.0,34.0,250.0,193.0,6.0
371,0.0,0.0,1.0,1.0,0.0,0.0,0.0,0.0,55.0,1187.0,193.0,2.0
372,1.0,0.0,0.0,1.0,0.0,0.0,0.0,0.0,73.0,796.0,427.0,1.0
373,0.0,0.0,1.0,0.0,0.0,1.0,0.0,0.0,33.0,2155.0,295.0,1.0
374,0.0,0.0,1.0,0.0,0.0,1.0,0.0,0.0,41.0,1646.0,261.0,1.0
375,1.0,0.0,0.0,0.0,1.0,0.0,0.0,0.0,51.0,143.0,627.0,1.0
376,0.0,1.0,0.0,0.0,1.0,0.0,0.0,1.0,42.0,1533.0,86.0,1.0
377,0.0,0.0,1.0,0.0,1.0,0.0,0.0,0.0,30.0,178.0,747.0,5.0
378,1.0,0.0,0.0,0.0,1.0,0.0,0.0,0.0,50.0,732.0,736.0,7.0
379,1.0,0.0,0.0,0.0,1.0,0.0,0.0,0.0,41.0,552.0,463.0,1.0
380,1.0,0.0,0.0,0.0,1.0,0.0,0.0,0.0,32.0,1148.0,121.0,1.0
381,1.0,0.0,0.0,0.0,0.0,1.0,0.0,0.0,38.0,1988.0,164.0,2.0
382,0.0,0.0,1.0,0.0,1.0,0.0,0.0,0.0,25.0,331.0,170.0,4.0
383,1.0,0.0,0.0,0.0,0.0,1.0,0.0,0.0,46.0,273.0,910.0,2.0
384,1.0,0.0,0.0,0.0,0.0,1.0,0.0,0.0,77.0,0.0,847.0,1.0
385,0.0,0.0,1.0,0.0,0.0,1.0,0.0,1.0,30.0,2.0,1031.0,8.0
386,0.0,0.0,1.0,0.0,1.0,0.0,0.0,0.0,32.0,6402.0,158.0,1.0
387,1.0,0.0,0.0,0.0,1.0,0.0,0.0,0.0,48.0,817.0,517.0,1.0
388,0.0,0.0,1.0,0.0,1.0,0.0,0.0,0.0,53.0,5715.0,287.0,2.0
389,1.0,0.0,0.0,0.0,1.0,0.0,0.0,0.0,36.0,1409.0,235.0,2.0
390,0.0,1.0,0.0,0.0,1.0,0.0,0.0,0.0,33.0,474.0,400.0,2.0
391,0.0,1.0,0.0,0.0,1.0,0.0,0.0,0.0,33.0,0.0,224.0,8.0
392,1.0,0.0,0.0,0.0,1.0,0.0,0.0,0.0,58.0,502.0,197.0,2.0
393,0.0,0.0,1.0,0.0,1.0,0.0,0.0,0.0,25.0,8.0,107.0,2.0
394,1.0,0.0,0.0,0.0,1.0,0.0,0.0,0.0,49.0,1568.0,206.0,6.0
395,1.0,0.0,0.0,0.0,0.0,1.0,0.0,0.0,43.0,422.0,110.0,1.0
396,0.0,0.0,1.0,0.0,0.0,1.0,0.0,0.0,32.0,311.0,757.0,2.0
397,1.0,0.0,0.0,1.0,0.0,0.0,0.0,0.0,80.0,6483.0,123.0,1.0
398,1.0,0.0,0.0,1.0,0.0,0.0,0.0,1.0,55.0,229.0,175.0,3.0
399,1.0,0.0,0.0,0.0,0.0,1.0,0.0,0.0,30.0,0.0,127.0,1.0
400,1.0,0.0,0.0,0.0,1.0,0.0,0.0,0.0,53.0,94.0,493.0,1.0
401,0.0,0.0,1.0,0.0,0.0,1.0,0.0,0.0,51.0,297.0,415.0,4.0
402,1.0,0.0,0.0,0.0,0.0,1.0,0.0,0.0,37.0,5106.0,244.0,1.0
403,0.0,0.0,1.0,0.0,1.0,0.0,0.0,0.0,28.0,227.0,278.0,1.0
404,0.0,1.0,0.0,0.0,0.0,1.0,0.0,0.0,49.0,755.0,1212.0,4.0
405,1.0,0.0,0.0,0.0,1.0,0.0,0.0,0.0,27.0,2171.0,130.0,1.0
406,0.0,0.0,1.0,0.0,1.0,0.0,0.0,0.0,36.0,0.0,85.0,6.0
407,0.0,0.0,1.0,0.0,0.0,1.0,0.0,0.0,35.0,71.0,836.0,12.0
408,0.0,0.0,1.0,0.0,1.0,0.0,0.0,0.0,19.0,302.0,205.0,1.0
409,1.0,0.0,0.0,0.0,1.0,0.0,0.0,1.0,36.0,146.0,284.0,2.0
410,0.0,0.0,1.0,0.0,0.0,1.0,0.0,0.0,50.0,1200.0,904.0,3.0
411,0.0,0.0,1.0,0.0,1.0,0.0,1.0,1.0,41.0,-386.0,477.0,1.0
412,1.0,0.0,0.0,1.0,0.0,0.0,0.0,0.0,32.0,795.0,131.0,3.0
413,1.0,0.0,0.0,0.0,0.0,1.0,0.0,0.0,39.0,894.0,491.0,1.0
414,1.0,0.0,0.0,1.0,0.0,0.0,0.0,0.0,50.0,395.0,419.0,2.0
415,1.0,0.0,0.0,0.0,0.0,1.0,0.0,0.0,36.0,0.0,60.0,1.0
416,1.0,0.0,0.0,1.0,0.0,0.0,0.0,0.0,80.0,0.0,639.0,1.0
417,1.0,0.0,0.0,0.0,1.0,0.0,0.0,0.0,52.0,195.0,220.0,1.0
418,1.0,0.0,0.0,0.0,1.0,0.0,0.0,0.0,52.0,-9.0,123.0,1.0
419,0.0,1.0,0.0,0.0,0.0,1.0,0.0,0.0,37.0,168.0,227.0,1.0
420,1.0,0.0,0.0,1.0,0.0,0.0,0.0,0.0,47.0,2642.0,310.0,2.0
421,1.0,0.0,0.0,0.0,1.0,0.0,0.0,1.0,39.0,285.0,209.0,1.0
422,1.0,0.0,0.0,0.0,0.0,1.0,0.0,0.0,31.0,636.0,352.0,4.0
423,0.0,1.0,0.0,0.0,1.0,0.0,0.0,0.0,41.0,174.0,367.0,2.0
424,0.0,0.0,1.0,1.0,0.0,0.0,0.0,0.0,23.0,8627.0,169.0,1.0
425,1.0,0.0,0.0,0.0,1.0,0.0,0.0,0.0,46.0,22.0,388.0,6.0
426,0.0,0.0,1.0,0.0,1.0,0.0,0.0,0.0,28.0,171.0,93.0,1.0
427,0.0,0.0,1.0,0.0,0.0,1.0,0.0,0.0,36.0,1531.0,81.0,3.0
428,1.0,0.0,0.0,0.0,1.0,0.0,0.0,0.0,58.0,14412.0,297.0,1.0
429,1.0,0.0,0.0,0.0,1.0,0.0,0.0,0.0,52.0,108.0,543.0,12.0
430,1.0,0.0,0.0,1.0,0.0,0.0,0.0,0.0,41.0,39.0,549.0,2.0
431,1.0,0.0,0.0,0.0,0.0,1.0,0.0,0.0,27.0,802.0,569.0,1.0
432,1.0,0.0,0.0,0.0,1.0,0.0,0.0,0.0,46.0,368.0,293.0,1.0
433,1.0,0.0,0.0,0.0,1.0,0.0,0.0,0.0,44.0,205.0,289.0,1.0
434,1.0,0.0,0.0,0.0,1.0,0.0,1.0,1.0,41.0,720.0,651.0,1.0
435,0.0,0.0,1.0,1.0,0.0,0.0,0.0,0.0,23.0,8627.0,281.0,1.0
436,0.0,0.0,1.0,0.0,0.0,1.0,0.0,0.0,28.0,4579.0,409.0,2.0
437,0.0,0.0,1.0,0.0,0.0,1.0,0.0,0.0,34.0,586.0,489.0,2.0
438,1.0,0.0,0.0,0.0,1.0,0.0,0.0,0.0,47.0,1121.0,454.0,6.0
439,0.0,0.0,1.0,0.0,1.0,0.0,0.0,0.0,44.0,244.0,1735.0,4.0
440,1.0,0.0,0.0,0.0,0.0,1.0,0.0,0.0,50.0,52.0,22.0,8.0
441,1.0,0.0,0.0,0.0,1.0,0.0,0.0,0.0,38.0,3732.0,379.0,2.0
442,1.0,0.0,0.0,0.0,1.0,0.0,0.0,0.0,31.0,24.0,631.0,1.0
443,0.0,0.0,1.0,0.0,1.0,0.0,0.0,0.0,40.0,-1.0,173.0,1.0
444,1.0,0.0,0.0,0.0,1.0,0.0,0.0,0.0,40.0,93.0,134.0,2.0
445,0.0,0.0,1.0,0.0,0.0,1.0,0.0,0.0,48.0,-551.0,168.0,2.0
446,0.0,1.0,0.0,0.0,1.0,0.0,0.0,0.0,39.0,1022.0,20.0,3.0
447,0.0,0.0,1.0,0.0,1.0,0.0,0.0,0.0,34.0,943.0,96.0,4.0
448,1.0,0.0,0.0,1.0,0.0,0.0,0.0,0.0,41.0,204.0,111.0,7.0
449,1.0,0.0,0.0,0.0,0.0,1.0,0.0,1.0,57.0,0.0,648.0,1.0
450,1.0,0.0,0.0,0.0,0.0,1.0,0.0,1.0,55.0,979.0,123.0,1.0
451,1.0,0.0,0.0,0.0,0.0,1.0,0.0,0.0,43.0,1429.0,1015.0,1.0
452,1.0,0.0,0.0,0.0,1.0,0.0,0.0,0.0,59.0,9976.0,57.0,2.0
453,0.0,1.0,0.0,0.0,0.0,1.0,0.0,0.0,40.0,502.0,267.0,4.0
454,1.0,0.0,0.0,0.0,0.0,1.0,0.0,1.0,30.0,1942.0,436.0,2.0
455,1.0,0.0,0.0,0.0,1.0,0.0,0.0,0.0,28.0,655.0,606.0,2.0
456,1.0,0.0,0.0,0.0,1.0,0.0,0.0,0.0,36.0,80.0,251.0,3.0
457,1.0,0.0,0.0,0.0,0.0,1.0,0.0,0.0,41.0,72.0,764.0,3.0
458,0.0,0.0,1.0,0.0,0.0,1.0,0.0,0.0,27.0,1.0,65.0,2.0
459,0.0,0.0,1.0,0.0,0.0,1.0,0.0,0.0,33.0,23.0,216.0,3.0
460,0.0,0.0,1.0,0.0,1.0,0.0,0.0,0.0,37.0,-242.0,1149.0,6.0
461,0.0,1.0,0.0,0.0,0.0,1.0,0.0,0.0,47.0,2515.0,40.0,3.0
462,1.0,0.0,0.0,0.0,0.0,1.0,0.0,0.0,44.0,22.0,265.0,2.0
463,1.0,0.0,0.0,0.0,1.0,0.0,0.0,1.0,31.0,-230.0,715.0,1.0
464,1.0,0.0,0.0,0.0,0.0,1.0,0.0,0.0,36.0,495.0,157.0,3.0
465,1.0,0.0,0.0,1.0,0.0,0.0,0.0,0.0,58.0,1013.0,206.0,1.0
466,0.0,1.0,0.0,0.0,0.0,1.0,0.0,0.0,54.0,0.0,618.0,1.0
467,0.0,0.0,1.0,0.0,1.0,0.0,0.0,0.0,28.0,459.0,83.0,13.0
468,1.0,0.0,0.0,0.0,1.0,0.0,0.0,0.0,32.0,38.0,744.0,1.0
469,1.0,0.0,0.0,0.0,1.0,0.0,0.0,1.0,34.0,103.0,956.0,2.0
470,0.0,0.0,1.0,0.0,1.0,0.0,0.0,0.0,31.0,775.0,361.0,1.0
471,0.0,0.0,1.0,0.0,1.0,0.0,0.0,1.0,31.0,203.0,177.0,1.0
472,1.0,0.0,0.0,0.0,1.0,0.0,0.0,0.0,44.0,2776.0,701.0,1.0
473,0.0,0.0,1.0,0.0,1.0,0.0,0.0,1.0,34.0,1386.0,185.0,6.0
474,0.0,0.0,1.0,0.0,1.0,0.0,0.0,0.0,24.0,822.0,184.0,1.0
475,1.0,0.0,0.0,0.0,0.0,1.0,0.0,0.0,55.0,-375.0,814.0,2.0
476,1.0,0.0,0.0,0.0,1.0,0.0,0.0,1.0,33.0,-163.0,502.0,2.0
477,0.0,1.0,0.0,0.0,1.0,0.0,0.0,0.0,53.0,765.0,959.0,3.0
478,1.0,0.0,0.0,0.0,0.0,1.0,0.0,0.0,35.0,7050.0,222.0,3.0
479,1.0,0.0,0.0,0.0,0.0,1.0,0.0,0.0,34.0,197.0,78.0,3.0
480,1.0,0.0,0.0,0.0,1.0,0.0,0.0,0.0,37.0,430.0,154.0,4.0
481,0.0,0.0,1.0,1.0,0.0,0.0,0.0,0.0,31.0,406.0,736.0,1.0
482,1.0,0.0,0.0,1.0,0.0,0.0,0.0,0.0,58.0,435.0,122.0,6.0
483,0.0,0.0,1.0,1.0,0.0,0.0,0.0,0.0,37.0,851.0,151.0,1.0
484,0.0,0.0,1.0,0.0,1.0,0.0,0.0,0.0,32.0,2881.0,356.0,1.0
485,0.0,0.0,1.0,0.0,1.0,0.0,0.0,0.0,28.0,389.0,15.0,7.0
486,0.0,1.0,0.0,0.0,1.0,0.0,0.0,0.0,59.0,5845.0,1060.0,2.0
487,1.0,0.0,0.0,0.0,1.0,0.0,0.0,0.0,33.0,386.0,253.0,1.0
488,1.0,0.0,0.0,0.0,1.0,0.0,0.0,0.0,34.0,5320.0,114.0,6.0
489,1.0,0.0,0.0,0.0,0.0,1.0,0.0,0.0,34.0,180.0,298.0,3.0
490,0.0,0.0,1.0,0.0,1.0,0.0,0.0,0.0,25.0,1790.0,224.0,1.0
491,1.0,0.0,0.0,0.0,0.0,1.0,0.0,0.0,30.0,944.0,251.0,2.0
492,0.0,1.0,0.0,0.0,0.0,1.0,0.0,0.0,35.0,321.0,189.0,1.0
493,1.0,0.0,0.0,0.0,1.0,0.0,0.0,1.0,39.0,1045.0,290.0,13.0
494,1.0,0.0,0.0,0.0,1.0,0.0,0.0,0.0,46.0,70.0,229.0,2.0
495,1.0,0.0,0.0,0.0,1.0,0.0,0.0,0.0,52.0,657.0,398.0,2.0
496,0.0,1.0,0.0,1.0,0.0,0.0,0.0,0.0,45.0,844.0,1018.0,3.0
497,1.0,0.0,0.0,0.0,1.0,0.0,0.0,0.0,58.0,111.0,58.0,2.0
498,0.0,1.0,0.0,0.0,0.0,1.0,1.0,1.0,26.0,-402.0,127.0,2.0
499,0.0,0.0,1.0,0.0,0.0,1.0,0.0,0.0,32.0,1831.0,86.0,2.0
500,0.0,1.0,0.0,1.0,0.0,0.0,0.0,0.0,55.0,976.0,345.0,1.0
501,0.0,0.0,1.0,0.0,1.0,0.0,1.0,0.0,31.0,25.0,381.0,1.0
502,0.0,0.0,1.0,0.0,1.0,0.0,0.0,0.0,31.0,4888.0,475.0,4.0
503,1.0,0.0,0.0,0.0,1.0,0.0,0.0,0.0,45.0,315.0,103.0,1.0
504,1.0,0.0,0.0,0.0,1.0,0.0,0.0,0.0,37.0,4153.0,35.0,16.0
505,1.0,0.0,0.0,0.0,1.0,0.0,0.0,0.0,83.0,0.0,140.0,10.0
506,1.0,0.0,0.0,0.0,1.0,0.0,0.0,0.0,51.0,1840.0,312.0,3.0
507,1.0,0.0,0.0,0.0,1.0,0.0,0.0,0.0,52.0,1117.0,365.0,1.0
508,0.0,0.0,1.0,0.0,0.0,1.0,0.0,0.0,32.0,0.0,550.0,4.0
509,0.0,0.0,1.0,0.0,0.0,1.0,0.0,0.0,33.0,61.0,836.0,3.0
510,0.0,0.0,1.0,0.0,0.0,1.0,0.0,0.0,29.0,828.0,215.0,3.0
511,0.0,0.0,1.0,0.0,1.0,0.0,0.0,0.0,30.0,102.0,614.0,2.0
512,0.0,0.0,1.0,0.0,0.0,1.0,0.0,0.0,35.0,633.0,128.0,3.0
513,1.0,0.0,0.0,0.0,1.0,0.0,0.0,0.0,56.0,-1206.0,382.0,2.0
514,1.0,0.0,0.0,1.0,0.0,0.0,0.0,0.0,30.0,1787.0,79.0,1.0
515,0.0,0.0,1.0,0.0,0.0,1.0,0.0,0.0,34.0,462.0,1877.0,3.0
516,0.0,0.0,1.0,0.0,1.0,0.0,0.0,1.0,26.0,-32.0,14.0,6.0
517,0.0,0.0,1.0,0.0,1.0,0.0,0.0,0.0,43.0,3403.0,707.0,2.0
518,1.0,0.0,0.0,0.0,1.0,0.0,0.0,0.0,45.0,295.0,92.0,1.0
519,1.0,0.0,0.0,0.0,1.0,0.0,0.0,0.0,41.0,-217.0,313.0,1.0
520,0.0,0.0,1.0,0.0,1.0,0.0,0.0,1.0,22.0,333.0,129.0,1.0
521,0.0,0.0,1.0,0.0,1.0,0.0,0.0,1.0,41.0,879.0,60.0,4.0
522,1.0,0.0,0.0,1.0,0.0,0.0,0.0,0.0,32.0,228.0,1017.0,6.0
523,1.0,0.0,0.0,1.0,0.0,0.0,0.0,0.0,41.0,5310.0,984.0,1.0
524,1.0,0.0,0.0,0.0,1.0,0.0,0.0,0.0,42.0,4945.0,311.0,2.0
525,0.0,0.0,1.0,0.0,0.0,1.0,0.0,0.0,33.0,0.0,236.0,10.0
526,1.0,0.0,0.0,0.0,1.0,0.0,0.0,0.0,41.0,-256.0,147.0,2.0
527,0.0,1.0,0.0,0.0,1.0,0.0,0.0,0.0,34.0,44.0,118.0,1.0
528,1.0,0.0,0.0,1.0,0.0,0.0,0.0,0.0,53.0,306.0,388.0,3.0
529,0.0,1.0,0.0,0.0,1.0,0.0,1.0,1.0,33.0,10.0,167.0,5.0
530,0.0,0.0,1.0,0.0,0.0,1.0,0.0,0.0,29.0,14.0,87.0,1.0
531,1.0,0.0,0.0,1.0,0.0,0.0,0.0,1.0,49.0,305.0,834.0,10.0
532,1.0,0.0,0.0,0.0,0.0,1.0,0.0,0.0,51.0,-3.0,91.0,9.0
533,1.0,0.0,0.0,0.0,1.0,0.0,0.0,0.0,40.0,51.0,50.0,1.0
534,1.0,0.0,0.0,0.0,0.0,1.0,0.0,0.0,54.0,8295.0,207.0,1.0
535,0.0,0.0,1.0,1.0,0.0,0.0,0.0,0.0,23.0,4.0,395.0,2.0
536,0.0,0.0,1.0,0.0,1.0,0.0,0.0,0.0,32.0,620.0,1234.0,3.0
537,1.0,0.0,0.0,0.0,0.0,1.0,0.0,0.0,42.0,12223.0,36.0,1.0
538,0.0,1.0,0.0,0.0,1.0,0.0,0.0,0.0,75.0,1341.0,415.0,7.0
539,0.0,0.0,1.0,0.0,0.0,1.0,0.0,0.0,31.0,614.0,72.0,4.0
540,0.0,0.0,1.0,0.0,1.0,0.0,0.0,0.0,37.0,2442.0,91.0,3.0
541,0.0,0.0,1.0,0.0,1.0,0.0,0.0,0.0,31.0,360.0,592.0,4.0
542,1.0,0.0,0.0,0.0,0.0,1.0,0.0,0.0,31.0,22546.0,8.0,6.0
543,0.0,1.0,0.0,0.0,1.0,0.0,0.0,0.0,39.0,902.0,691.0,2.0
544,1.0,0.0,0.0,0.0,0.0,1.0,0.0,0.0,36.0,3057.0,2769.0,4.0
545,0.0,0.0,1.0,0.0,0.0,1.0,0.0,0.0,46.0,1410.0,93.0,1.0
546,0.0,0.0,1.0,0.0,1.0,0.0,1.0,0.0,36.0,12.0,587.0,2.0
547,1.0,0.0,0.0,0.0,1.0,0.0,0.0,0.0,53.0,459.0,558.0,1.0
548,1.0,0.0,0.0,0.0,0.0,1.0,0.0,0.0,34.0,1611.0,490.0,2.0
549,0.0,1.0,0.0,0.0,0.0,1.0,0.0,0.0,35.0,1354.0,736.0,2.0
550,1.0,0.0,0.0,0.0,1.0,0.0,0.0,0.0,38.0,435.0,193.0,2.0
551,0.0,0.0,1.0,0.0,1.0,0.0,0.0,0.0,27.0,671.0,332.0,2.0
552,1.0,0.0,0.0,1.0,0.0,0.0,0.0,0.0,56.0,828.0,214.0,1.0
553,1.0,0.0,0.0,0.0,1.0,0.0,0.0,0.0,33.0,4902.0,110.0,1.0
554,0.0,0.0,1.0,0.0,0.0,1.0,0.0,0.0,32.0,2.0,100.0,2.0
555,1.0,0.0,0.0,1.0,0.0,0.0,0.0,0.0,37.0,3242.0,233.0,1.0
556,1.0,0.0,0.0,0.0,1.0,0.0,0.0,0.0,30.0,371.0,124.0,2.0
557,1.0,0.0,0.0,0.0,0.0,1.0,0.0,0.0,49.0,1235.0,354.0,3.0
558,1.0,0.0,0.0,0.0,0.0,1.0,0.0,0.0,77.0,7802.0,421.0,1.0
559,0.0,0.0,1.0,0.0,1.0,0.0,0.0,0.0,41.0,75.0,479.0,9.0
560,1.0,0.0,0.0,1.0,0.0,0.0,0.0,1.0,42.0,0.0,209.0,2.0
561,1.0,0.0,0.0,0.0,1.0,0.0,0.0,1.0,52.0,2347.0,603.0,3.0
562,1.0,0.0,0.0,0.0,1.0,0.0,0.0,1.0,49.0,0.0,71.0,7.0
563,1.0,0.0,0.0,1.0,0.0,0.0,0.0,0.0,47.0,145.0,157.0,6.0
564,1.0,0.0,0.0,1.0,0.0,0.0,0.0,0.0,46.0,2558.0,107.0,1.0
565,1.0,0.0,0.0,0.0,1.0,0.0,0.0,0.0,51.0,2237.0,619.0,1.0
566,1.0,0.0,0.0,0.0,1.0,0.0,0.0,1.0,45.0,5346.0,187.0,1.0
567,0.0,0.0,1.0,0.0,0.0,1.0,0.0,0.0,42.0,525.0,127.0,2.0
568,1.0,0.0,0.0,0.0,1.0,0.0,0.0,0.0,59.0,2381.0,173.0,2.0
569,1.0,0.0,0.0,0.0,0.0,1.0,0.0,0.0,67.0,701.0,254.0,2.0
570,0.0,0.0,1.0,0.0,1.0,0.0,0.0,0.0,27.0,842.0,273.0,1.0
571,0.0,1.0,0.0,0.0,0.0,1.0,0.0,0.0,46.0,1297.0,716.0,3.0
572,0.0,0.0,1.0,0.0,0.0,1.0,0.0,1.0,60.0,0.0,151.0,1.0
573,1.0,0.0,0.0,0.0,1.0,0.0,0.0,0.0,38.0,279.0,110.0,5.0
574,0.0,0.0,1.0,0.0,1.0,0.0,0.0,0.0,28.0,28.0,220.0,2.0
575,1.0,0.0,0.0,1.0,0.0,0.0,0.0,1.0,31.0,355.0,61.0,6.0
576,1.0,0.0,0.0,1.0,0.0,0.0,0.0,0.0,38.0,0.0,179.0,2.0
577,1.0,0.0,0.0,1.0,0.0,0.0,0.0,1.0,55.0,284.0,252.0,4.0
578,1.0,0.0,0.0,0.0,1.0,0.0,0.0,0.0,58.0,116.0,580.0,3.0
579,0.0,1.0,0.0,0.0,1.0,0.0,0.0,0.0,53.0,4554.0,8.0,6.0
580,0.0,0.0,1.0,0.0,0.0,1.0,0.0,0.0,30.0,6164.0,152.0,11.0
581,1.0,0.0,0.0,0.0,1.0,0.0,0.0,0.0,49.0,280.0,162.0,3.0
582,0.0,0.0,1.0,1.0,0.0,0.0,0.0,0.0,25.0,-221.0,250.0,1.0
583,1.0,0.0,0.0,0.0,1.0,0.0,0.0,0.0,48.0,4415.0,1032.0,3.0
584,1.0,0.0,0.0,0.0,0.0,1.0,0.0,0.0,46.0,-3.0,205.0,2.0
585,0.0,0.0,1.0,0.0,1.0,0.0,1.0,0.0,28.0,-298.0,559.0,7.0
586,0.0,0.0,1.0,0.0,1.0,0.0,0.0,0.0,27.0,158.0,650.0,2.0
587,1.0,0.0,0.0,1.0,0.0,0.0,0.0,0.0,49.0,1019.0,285.0,5.0
588,1.0,0.0,0.0,0.0,1.0,0.0,0.0,0.0,54.0,0.0,161.0,1.0
589,1.0,0.0,0.0,1.0,0.0,0.0,0.0,0.0,43.0,-93.0,402.0,2.0
590,1.0,0.0,0.0,0.0,0.0,1.0,0.0,0.0,56.0,21664.0,214.0,8.0
591,1.0,0.0,0.0,0.0,1.0,0.0,0.0,0.0,63.0,474.0,423.0,1.0
592,1.0,0.0,0.0,1.0,0.0,0.0,0.0,0.0,38.0,290.0,283.0,1.0
593,1.0,0.0,0.0,0.0,1.0,0.0,0.0,0.0,27.0,0.0,1608.0,13.0
594,0.0,1.0,0.0,0.0,0.0,1.0,0.0,0.0,32.0,874.0,1282.0,6.0
595,0.0,1.0,0.0,0.0,1.0,0.0,0.0,1.0,33.0,1897.0,197.0,1.0
596,0.0,0.0,1.0,0.0,1.0,0.0,0.0,1.0,32.0,604.0,95.0,3.0
597,1.0,0.0,0.0,0.0,1.0,0.0,0.0,0.0,48.0,568.0,378.0,2.0
598,1.0,0.0,0.0,0.0,1.0,0.0,0.0,0.0,27.0,186.0,136.0,2.0
599,0.0,0.0,1.0,0.0,1.0,0.0,0.0,0.0,29.0,-194.0,127.0,1.0
600,0.0,0.0,1.0,0.0,0.0,1.0,0.0,0.0,27.0,3733.0,198.0,1.0
601,1.0,0.0,0.0,1.0,0.0,0.0,0.0,0.0,59.0,0.0,207.0,2.0
602,0.0,0.0,1.0,0.0,1.0,0.0,0.0,0.0,28.0,56.0,66.0,1.0
603,1.0,0.0,0.0,0.0,1.0,0.0,0.0,0.0,33.0,133.0,218.0,1.0
604,1.0,0.0,0.0,0.0,1.0,0.0,0.0,0.0,49.0,197.0,223.0,1.0
605,1.0,0.0,0.0,0.0,1.0,0.0,0.0,0.0,32.0,401.0,294.0,2.0
606,1.0,0.0,0.0,0.0,0.0,1.0,0.0,0.0,41.0,231.0,352.0,2.0
607,1.0,0.0,0.0,0.0,1.0,0.0,0.0,0.0,44.0,27.0,485.0,1.0
608,0.0,1.0,0.0,0.0,1.0,0.0,0.0,1.0,35.0,3636.0,808.0,2.0
609,1.0,0.0,0.0,1.0,0.0,0.0,0.0,0.0,87.0,230.0,144.0,1.0
610,1.0,0.0,0.0,1.0,0.0,0.0,0.0,0.0,63.0,1084.0,201.0,1.0
611,1.0,0.0,0.0,0.0,1.0,0.0,0.0,0.0,51.0,-379.0,261.0,1.0
612,0.0,0.0,1.0,0.0,1.0,0.0,0.0,0.0,32.0,152.0,158.0,2.0
613,1.0,0.0,0.0,1.0,0.0,0.0,0.0,0.0,53.0,27.0,230.0,3.0
614,1.0,0.0,0.0,0.0,0.0,1.0,0.0,1.0,44.0,3463.0,210.0,3.0
615,1.0,0.0,0.0,0.0,0.0,1.0,0.0,0.0,31.0,1331.0,297.0,1.0
616,1.0,0.0,0.0,0.0,0.0,1.0,0.0,0.0,30.0,569.0,976.0,12.0
617,1.0,0.0,0.0,1.0,0.0,0.0,0.0,0.0,56.0,3391.0,243.0,1.0
618,1.0,0.0,0.0,1.0,0.0,0.0,0.0,0.0,49.0,3371.0,269.0,2.0
619,1.0,0.0,0.0,1.0,0.0,0.0,0.0,0.0,36.0,1177.0,330.0,1.0
620,0.0,0.0,1.0,0.0,1.0,0.0,0.0,0.0,38.0,578.0,112.0,2.0
621,0.0,0.0,1.0,0.0,0.0,1.0,0.0,0.0,28.0,80.0,676.0,2.0
622,1.0,0.0,0.0,0.0,1.0,0.0,0.0,0.0,40.0,9374.0,7.0,8.0
623,1.0,0.0,0.0,0.0,0.0,1.0,0.0,0.0,36.0,9.0,386.0,4.0
624,1.0,0.0,0.0,0.0,0.0,1.0,0.0,0.0,33.0,1412.0,480.0,1.0
625,1.0,0.0,0.0,0.0,1.0,0.0,0.0,0.0,33.0,215.0,543.0,12.0
626,1.0,0.0,0.0,0.0,1.0,0.0,0.0,0.0,36.0,1746.0,99.0,1.0
627,0.0,0.0,1.0,0.0,1.0,0.0,0.0,0.0,35.0,35.0,152.0,1.0
628,0.0,1.0,0.0,0.0,1.0,0.0,0.0,1.0,56.0,212.0,27.0,1.0
629,1.0,0.0,0.0,0.0,1.0,0.0,0.0,0.0,32.0,759.0,317.0,5.0
630,0.0,0.0,1.0,0.0,0.0,1.0,0.0,0.0,32.0,705.0,20.0,4.0
631,1.0,0.0,0.0,0.0,1.0,0.0,0.0,1.0,35.0,786.0,322.0,1.0
632,1.0,0.0,0.0,0.0,1.0,0.0,0.0,1.0,57.0,0.0,104.0,2.0
633,1.0,0.0,0.0,0.0,1.0,0.0,0.0,0.0,31.0,500.0,19.0,18.0
634,0.0,0.0,1.0,0.0,1.0,0.0,0.0,0.0,44.0,7138.0,809.0,2.0
635,0.0,0.0,1.0,0.0,0.0,1.0,0.0,0.0,39.0,5803.0,83.0,3.0
636,1.0,0.0,0.0,0.0,1.0,0.0,0.0,0.0,57.0,295.0,151.0,11.0
637,1.0,0.0,0.0,0.0,1.0,0.0,0.0,0.0,49.0,320.0,1971.0,4.0
638,1.0,0.0,0.0,0.0,1.0,0.0,0.0,0.0,44.0,310.0,200.0,1.0
639,0.0,0.0,1.0,0.0,1.0,0.0,0.0,1.0,38.0,258.0,587.0,2.0
640,1.0,0.0,0.0,1.0,0.0,0.0,0.0,1.0,60.0,252.0,123.0,2.0
641,1.0,0.0,0.0,0.0,1.0,0.0,0.0,0.0,35.0,724.0,287.0,2.0
642,0.0,0.0,1.0,0.0,0.0,1.0,0.0,0.0,38.0,0.0,39.0,2.0
643,1.0,0.0,0.0,0.0,1.0,0.0,0.0,0.0,61.0,1191.0,214.0,4.0
644,1.0,0.0,0.0,0.0,0.0,1.0,0.0,0.0,37.0,2685.0,187.0,2.0
645,1.0,0.0,0.0,0.0,0.0,1.0,0.0,0.0,34.0,902.0,159.0,1.0
646,1.0,0.0,0.0,0.0,1.0,0.0,0.0,0.0,49.0,1114.0,283.0,1.0
647,1.0,0.0,0.0,0.0,0.0,1.0,0.0,0.0,40.0,542.0,1816.0,1.0
648,1.0,0.0,0.0,0.0,1.0,0.0,0.0,0.0,36.0,4438.0,446.0,1.0
649,1.0,0.0,0.0,1.0,0.0,0.0,0.0,0.0,46.0,2904.0,277.0,2.0
650,0.0,1.0,0.0,0.0,1.0,0.0,0.0,0.0,46.0,-824.0,429.0,3.0
651,0.0,0.0,1.0,0.0,1.0,0.0,0.0,1.0,42.0,1080.0,951.0,3.0
652,1.0,0.0,0.0,0.0,1.0,0.0,0.0,0.0,47.0,1219.0,697.0,4.0
653,1.0,0.0,0.0,0.0,0.0,1.0,0.0,0.0,48.0,1808.0,245.0,1.0
654,0.0,0.0,1.0,0.0,1.0,0.0,0.0,0.0,29.0,417.0,90.0,1.0
655,1.0,0.0,0.0,0.0,1.0,0.0,0.0,0.0,31.0,388.0,730.0,2.0
656,0.0,0.0,1.0,0.0,0.0,1.0,0.0,0.0,23.0,736.0,119.0,1.0
657,1.0,0.0,0.0,0.0,0.0,1.0,0.0,0.0,48.0,-471.0,668.0,7.0
658,1.0,0.0,0.0,0.0,1.0,0.0,0.0,0.0,38.0,-278.0,143.0,2.0
659,1.0,0.0,0.0,0.0,0.0,1.0,0.0,0.0,33.0,75.0,204.0,4.0
660,1.0,0.0,0.0,1.0,0.0,0.0,0.0,1.0,60.0,362.0,816.0,6.0
661,0.0,1.0,0.0,0.0,0.0,1.0,0.0,0.0,42.0,-166.0,85.0,4.0
662,0.0,1.0,0.0,0.0,1.0,0.0,0.0,0.0,46.0,2232.0,121.0,1.0
663,1.0,0.0,0.0,0.0,1.0,0.0,0.0,0.0,48.0,2294.0,251.0,11.0
664,1.0,0.0,0.0,0.0,1.0,0.0,0.0,0.0,48.0,1738.0,349.0,1.0
665,1.0,0.0,0.0,1.0,0.0,0.0,0.0,0.0,45.0,7353.0,536.0,2.0
666,0.0,1.0,0.0,0.0,1.0,0.0,0.0,1.0,39.0,399.0,133.0,2.0
667,1.0,0.0,0.0,0.0,1.0,0.0,0.0,0.0,34.0,50.0,89.0,2.0
668,1.0,0.0,0.0,1.0,0.0,0.0,0.0,0.0,59.0,46.0,78.0,2.0
669,0.0,0.0,1.0,0.0,1.0,0.0,0.0,1.0,40.0,462.0,272.0,1.0
670,1.0,0.0,0.0,0.0,0.0,1.0,0.0,0.0,66.0,1948.0,216.0,1.0
671,0.0,1.0,0.0,0.0,1.0,0.0,0.0,0.0,55.0,538.0,353.0,2.0
672,1.0,0.0,0.0,0.0,1.0,0.0,0.0,0.0,31.0,191.0,40.0,1.0
673,0.0,0.0,1.0,0.0,0.0,1.0,0.0,0.0,33.0,1410.0,8.0,1.0
674,1.0,0.0,0.0,1.0,0.0,0.0,0.0,0.0,57.0,1238.0,274.0,1.0
675,0.0,1.0,0.0,1.0,0.0,0.0,0.0,0.0,58.0,2538.0,307.0,6.0
676,0.0,0.0,1.0,0.0,0.0,1.0,0.0,0.0,30.0,424.0,298.0,4.0
677,1.0,0.0,0.0,0.0,0.0,1.0,0.0,0.0,36.0,167.0,57.0,1.0
678,1.0,0.0,0.0,0.0,1.0,0.0,0.0,0.0,50.0,283.0,226.0,3.0
679,1.0,0.0,0.0,0.0,1.0,0.0,0.0,0.0,34.0,351.0,467.0,1.0
680,0.0,1.0,0.0,0.0,1.0,0.0,0.0,0.0,45.0,809.0,155.0,2.0
681,1.0,0.0,0.0,0.0,0.0,1.0,0.0,0.0,36.0,222.0,317.0,1.0
682,1.0,0.0,0.0,0.0,1.0,0.0,0.0,1.0,53.0,105.0,74.0,2.0
683,1.0,0.0,0.0,0.0,0.0,1.0,0.0,0.0,36.0,1327.0,174.0,2.0
684,1.0,0.0,0.0,0.0,1.0,0.0,0.0,0.0,34.0,0.0,154.0,1.0
685,0.0,0.0,1.0,0.0,1.0,0.0,0.0,0.0,28.0,378.0,346.0,1.0
686,0.0,0.0,1.0,0.0,0.0,1.0,0.0,0.0,40.0,0.0,228.0,2.0
687,0.0,0.0,1.0,0.0,0.0,1.0,0.0,0.0,30.0,2186.0,366.0,1.0
688,1.0,0.0,0.0,1.0,0.0,0.0,0.0,0.0,33.0,324.0,217.0,2.0
689,0.0,0.0,1.0,0.0,1.0,0.0,0.0,0.0,43.0,34.0,29.0,1.0
690,0.0,0.0,1.0,0.0,1.0,0.0,0.0,0.0,40.0,3.0,998.0,1.0
691,1.0,0.0,0.0,1.0,0.0,0.0,0.0,0.0,59.0,0.0,493.0,2.0
692,1.0,0.0,0.0,0.0,0.0,1.0,0.0,0.0,38.0,126.0,164.0,2.0
693,1.0,0.0,0.0,0.0,1.0,0.0,0.0,0.0,32.0,736.0,700.0,3.0
694,1.0,0.0,0.0,1.0,0.0,0.0,0.0,0.0,50.0,4108.0,526.0,2.0
695,0.0,0.0,1.0,1.0,0.0,0.0,0.0,0.0,30.0,79.0,317.0,1.0
696,1.0,0.0,0.0,0.0,1.0,0.0,0.0,0.0,45.0,68.0,254.0,1.0
697,0.0,0.0,1.0,0.0,0.0,1.0,0.0,0.0,30.0,1372.0,240.0,2.0
698,1.0,0.0,0.0,0.0,0.0,1.0,0.0,1.0,53.0,71.0,86.0,1.0
699,1.0,0.0,0.0,0.0,1.0,0.0,0.0,0.0,43.0,520.0,15.0,13.0
700,1.0,0.0,0.0,0.0,1.0,0.0,0.0,0.0,49.0,171.0,19.0,3.0
701,1.0,0.0,0.0,0.0,1.0,0.0,0.0,0.0,39.0,607.0,454.0,2.0
702,1.0,0.0,0.0,0.0,0.0,1.0,0.0,0.0,37.0,5355.0,466.0,4.0
703,0.0,0.0,1.0,0.0,0.0,1.0,0.0,0.0,47.0,3727.0,993.0,6.0
704,1.0,0.0,0.0,0.0,0.0,1.0,0.0,0.0,35.0,949.0,245.0,2.0
705,1.0,0.0,0.0,1.0,0.0,0.0,0.0,0.0,36.0,177.0,63.0,5.0
706,1.0,0.0,0.0,0.0,1.0,0.0,0.0,0.0,45.0,115.0,209.0,4.0
707,1.0,0.0,0.0,0.0,1.0,0.0,0.0,0.0,30.0,125.0,238.0,2.0
708,0.0,0.0,1.0,0.0,0.0,1.0,0.0,0.0,43.0,1304.0,501.0,2.0
709,1.0,0.0,0.0,0.0,0.0,1.0,0.0,0.0,40.0,-117.0,770.0,2.0
710,1.0,0.0,0.0,0.0,1.0,0.0,0.0,1.0,38.0,593.0,1484.0,24.0
711,1.0,0.0,0.0,0.0,1.0,0.0,0.0,0.0,38.0,226.0,762.0,3.0
712,1.0,0.0,0.0,0.0,1.0,0.0,0.0,0.0,35.0,4508.0,854.0,1.0
713,1.0,0.0,0.0,1.0,0.0,0.0,0.0,0.0,40.0,2805.0,173.0,6.0
714,0.0,0.0,1.0,0.0,1.0,0.0,0.0,0.0,34.0,0.0,163.0,2.0
715,0.0,1.0,0.0,0.0,0.0,1.0,0.0,0.0,36.0,0.0,81.0,4.0
716,1.0,0.0,0.0,0.0,1.0,0.0,0.0,0.0,42.0,179.0,96.0,1.0
717,0.0,0.0,1.0,0.0,0.0,1.0,0.0,0.0,25.0,808.0,267.0,2.0
718,0.0,0.0,1.0,0.0,1.0,0.0,0.0,0.0,25.0,304.0,226.0,2.0
719,1.0,0.0,0.0,0.0,0.0,1.0,0.0,1.0,31.0,1224.0,1441.0,2.0
720,0.0,0.0,1.0,0.0,0.0,1.0,0.0,0.0,52.0,1623.0,21.0,17.0
721,1.0,0.0,0.0,0.0,0.0,1.0,0.0,1.0,50.0,3463.0,96.0,1.0
722,1.0,0.0,0.0,0.0,1.0,0.0,0.0,0.0,47.0,3676.0,567.0,1.0
723,0.0,1.0,0.0,0.0,0.0,1.0,1.0,0.0,42.0,2.0,380.0,1.0
724,0.0,0.0,1.0,0.0,0.0,1.0,0.0,0.0,28.0,356.0,76.0,2.0
725,0.0,1.0,0.0,0.0,0.0,1.0,0.0,0.0,39.0,1315.0,1337.0,4.0
726,1.0,0.0,0.0,1.0,0.0,0.0,0.0,0.0,41.0,4.0,74.0,5.0
727,0.0,0.0,1.0,0.0,0.0,1.0,0.0,0.0,29.0,2325.0,125.0,1.0
728,1.0,0.0,0.0,0.0,1.0,0.0,0.0,0.0,46.0,1427.0,32.0,3.0
729,1.0,0.0,0.0,0.0,0.0,1.0,0.0,0.0,40.0,3571.0,222.0,3.0
730,1.0,0.0,0.0,0.0,1.0,0.0,0.0,1.0,33.0,181.0,265.0,2.0
731,1.0,0.0,0.0,1.0,0.0,0.0,0.0,0.0,59.0,4198.0,309.0,1.0
732,0.0,1.0,0.0,0.0,1.0,0.0,0.0,0.0,54.0,1327.0,115.0,2.0
733,1.0,0.0,0.0,0.0,0.0,1.0,0.0,0.0,51.0,5108.0,272.0,1.0
734,1.0,0.0,0.0,0.0,1.0,0.0,0.0,0.0,46.0,4.0,268.0,1.0
735,1.0,0.0,0.0,0.0,1.0,0.0,0.0,0.0,75.0,3771.0,185.0,1.0
736,1.0,0.0,0.0,0.0,1.0,0.0,0.0,0.0,37.0,480.0,344.0,2.0
737,0.0,0.0,1.0,0.0,1.0,0.0,0.0,1.0,33.0,-56.0,119.0,5.0
738,0.0,1.0,0.0,0.0,0.0,1.0,0.0,1.0,56.0,-59.0,127.0,6.0
739,1.0,0.0,0.0,0.0,0.0,1.0,0.0,0.0,43.0,1188.0,140.0,2.0
740,0.0,0.0,1.0,0.0,0.0,1.0,0.0,0.0,29.0,4210.0,119.0,1.0
741,0.0,1.0,0.0,0.0,1.0,0.0,0.0,0.0,63.0,1490.0,506.0,1.0
742,1.0,0.0,0.0,0.0,0.0,1.0,0.0,0.0,43.0,192.0,203.0,2.0
743,0.0,0.0,1.0,0.0,0.0,1.0,0.0,0.0,32.0,41.0,686.0,5.0
744,0.0,1.0,0.0,0.0,1.0,0.0,0.0,0.0,58.0,314.0,67.0,2.0
745,1.0,0.0,0.0,1.0,0.0,0.0,0.0,0.0,29.0,200.0,322.0,2.0
746,1.0,0.0,0.0,0.0,0.0,1.0,0.0,0.0,34.0,703.0,342.0,1.0
747,1.0,0.0,0.0,0.0,1.0,0.0,0.0,0.0,57.0,11494.0,198.0,1.0
748,0.0,1.0,0.0,0.0,1.0,0.0,0.0,0.0,48.0,4099.0,397.0,2.0
749,0.0,0.0,1.0,0.0,1.0,0.0,0.0,0.0,27.0,489.0,356.0,4.0
750,0.0,0.0,1.0,0.0,1.0,0.0,0.0,0.0,33.0,-416.0,767.0,2.0
751,1.0,0.0,0.0,1.0,0.0,0.0,0.0,0.0,55.0,3334.0,632.0,4.0
752,1.0,0.0,0.0,0.0,1.0,0.0,0.0,0.0,54.0,-630.0,173.0,1.0
753,1.0,0.0,0.0,1.0,0.0,0.0,0.0,0.0,60.0,493.0,671.0,4.0
754,0.0,0.0,1.0,0.0,0.0,1.0,0.0,0.0,42.0,-411.0,78.0,5.0
755,1.0,0.0,0.0,1.0,0.0,0.0,0.0,1.0,34.0,351.0,326.0,11.0
756,1.0,0.0,0.0,0.0,1.0,0.0,0.0,0.0,46.0,57.0,796.0,1.0
757,0.0,0.0,1.0,0.0,0.0,1.0,0.0,1.0,31.0,462.0,147.0,1.0
758,0.0,0.0,1.0,0.0,1.0,0.0,0.0,0.0,30.0,75.0,123.0,1.0
759,1.0,0.0,0.0,0.0,1.0,0.0,0.0,0.0,31.0,631.0,248.0,4.0
760,1.0,0.0,0.0,0.0,1.0,0.0,0.0,0.0,47.0,2.0,89.0,1.0
761,1.0,0.0,0.0,0.0,0.0,1.0,0.0,0.0,33.0,273.0,803.0,1.0
762,0.0,1.0,0.0,0.0,1.0,0.0,0.0,0.0,44.0,0.0,389.0,5.0
763,0.0,0.0,1.0,0.0,1.0,0.0,0.0,1.0,30.0,648.0,287.0,1.0
764,0.0,0.0,1.0,0.0,1.0,0.0,0.0,0.0,33.0,5235.0,67.0,3.0
765,1.0,0.0,0.0,0.0,1.0,0.0,0.0,1.0,57.0,82.0,140.0,1.0
766,0.0,0.0,1.0,0.0,1.0,0.0,0.0,0.0,37.0,3561.0,98.0,1.0
767,1.0,0.0,0.0,0.0,0.0,1.0,0.0,0.0,30.0,1221.0,279.0,4.0
768,0.0,0.0,1.0,1.0,0.0,0.0,0.0,0.0,45.0,1893.0,1259.0,6.0
769,0.0,0.0,1.0,0.0,1.0,0.0,0.0,1.0,36.0,398.0,77.0,2.0
770,0.0,0.0,1.0,0.0,0.0,1.0,0.0,0.0,23.0,1129.0,806.0,1.0
771,0.0,1.0,0.0,1.0,0.0,0.0,0.0,0.0,51.0,602.0,347.0,1.0
772,1.0,0.0,0.0,1.0,0.0,0.0,0.0,1.0,43.0,-98.0,112.0,2.0
773,0.0,1.0,0.0,0.0,1.0,0.0,0.0,0.0,59.0,2921.0,251.0,1.0
774,1.0,0.0,0.0,0.0,1.0,0.0,0.0,1.0,54.0,2225.0,73.0,2.0
775,0.0,0.0,1.0,0.0,0.0,1.0,0.0,1.0,32.0,569.0,348.0,1.0
776,1.0,0.0,0.0,0.0,0.0,1.0,0.0,0.0,59.0,2013.0,222.0,4.0
777,1.0,0.0,0.0,0.0,1.0,0.0,0.0,0.0,45.0,-839.0,68.0,1.0
778,0.0,0.0,1.0,0.0,0.0,1.0,0.0,0.0,44.0,5063.0,418.0,2.0
779,0.0,0.0,1.0,0.0,0.0,1.0,0.0,0.0,29.0,572.0,314.0,1.0
780,0.0,1.0,0.0,1.0,0.0,0.0,0.0,0.0,37.0,260.0,446.0,2.0
781,1.0,0.0,0.0,0.0,1.0,0.0,0.0,0.0,69.0,745.0,595.0,1.0
782,0.0,0.0,1.0,0.0,1.0,0.0,0.0,0.0,28.0,153.0,1124.0,2.0
783,0.0,1.0,0.0,0.0,1.0,0.0,0.0,0.0,34.0,479.0,515.0,1.0
784,0.0,0.0,1.0,0.0,1.0,0.0,0.0,0.0,29.0,1070.0,30.0,1.0
785,1.0,0.0,0.0,1.0,0.0,0.0,0.0,0.0,43.0,7343.0,217.0,4.0
786,1.0,0.0,0.0,0.0,0.0,1.0,0.0,0.0,31.0,5191.0,187.0,2.0
787,1.0,0.0,0.0,0.0,0.0,1.0,0.0,0.0,34.0,3301.0,485.0,2.0
788,0.0,1.0,0.0,0.0,1.0,0.0,0.0,0.0,58.0,-123.0,131.0,2.0
789,1.0,0.0,0.0,0.0,1.0,0.0,0.0,1.0,56.0,2146.0,594.0,1.0
790,1.0,0.0,0.0,0.0,1.0,0.0,0.0,0.0,34.0,1671.0,160.0,1.0
791,0.0,1.0,0.0,0.0,1.0,0.0,0.0,1.0,47.0,136.0,70.0,1.0
792,1.0,0.0,0.0,0.0,1.0,0.0,0.0,0.0,31.0,472.0,907.0,2.0
793,1.0,0.0,0.0,0.0,0.0,1.0,0.0,1.0,39.0,278.0,60.0,3.0
794,0.0,1.0,0.0,0.0,1.0,0.0,0.0,1.0,50.0,-54.0,698.0,2.0
795,1.0,0.0,0.0,1.0,0.0,0.0,0.0,0.0,38.0,0.0,29.0,32.0
796,0.0,0.0,1.0,0.0,1.0,0.0,0.0,0.0,46.0,324.0,293.0,6.0
797,1.0,0.0,0.0,0.0,1.0,0.0,0.0,0.0,57.0,16063.0,352.0,3.0
798,1.0,0.0,0.0,0.0,1.0,0.0,0.0,0.0,43.0,136.0,363.0,7.0
799,0.0,1.0,0.0,0.0,1.0,0.0,0.0,0.0,27.0,76.0,236.0,1.0
800,1.0,0.0,0.0,0.0,1.0,0.0,0.0,0.0,58.0,225.0,122.0,6.0
801,1.0,0.0,0.0,0.0,1.0,0.0,0.0,0.0,47.0,1230.0,412.0,1.0
802,1.0,0.0,0.0,0.0,1.0,0.0,0.0,0.0,71.0,2850.0,185.0,1.0
803,1.0,0.0,0.0,0.0,1.0,0.0,0.0,0.0,26.0,115.0,46.0,3.0
804,1.0,0.0,0.0,1.0,0.0,0.0,0.0,0.0,34.0,2929.0,518.0,2.0
805,1.0,0.0,0.0,0.0,1.0,0.0,0.0,0.0,58.0,413.0,104.0,5.0
806,1.0,0.0,0.0,0.0,1.0,0.0,0.0,0.0,28.0,2788.0,369.0,2.0
807,1.0,0.0,0.0,0.0,0.0,1.0,0.0,0.0,37.0,410.0,337.0,2.0
808,0.0,0.0,1.0,0.0,0.0,1.0,0.0,0.0,32.0,4665.0,860.0,2.0
809,1.0,0.0,0.0,0.0,0.0,1.0,0.0,1.0,41.0,176.0,42.0,1.0
810,1.0,0.0,0.0,0.0,1.0,0.0,0.0,0.0,53.0,665.0,371.0,2.0
811,1.0,0.0,0.0,0.0,1.0,0.0,0.0,0.0,49.0,321.0,135.0,3.0
812,1.0,0.0,0.0,0.0,1.0,0.0,0.0,0.0,49.0,823.0,780.0,4.0
813,0.0,0.0,1.0,0.0,1.0,0.0,0.0,0.0,37.0,1050.0,586.0,3.0
814,1.0,0.0,0.0,0.0,1.0,0.0,0.0,0.0,33.0,95.0,335.0,1.0
815,1.0,0.0,0.0,0.0,0.0,1.0,0.0,0.0,64.0,846.0,671.0,1.0
816,0.0,0.0,1.0,0.0,1.0,0.0,0.0,1.0,25.0,505.0,386.0,2.0
817,1.0,0.0,0.0,0.0,0.0,1.0,0.0,0.0,43.0,291.0,150.0,2.0
818,0.0,0.0,1.0,0.0,0.0,1.0,0.0,0.0,34.0,6766.0,210.0,5.0
819,1.0,0.0,0.0,0.0,1.0,0.0,0.0,0.0,60.0,3735.0,190.0,1.0
820,1.0,0.0,0.0,0.0,1.0,0.0,0.0,0.0,53.0,459.0,317.0,6.0
821,0.0,0.0,1.0,0.0,1.0,0.0,0.0,0.0,33.0,706.0,329.0,1.0
822,0.0,0.0,1.0,0.0,1.0,0.0,0.0,0.0,36.0,475.0,141.0,3.0
823,0.0,0.0,1.0,0.0,1.0,0.0,0.0,0.0,26.0,443.0,84.0,3.0
824,1.0,0.0,0.0,0.0,1.0,0.0,0.0,1.0,41.0,0.0,107.0,1.0
825,1.0,0.0,0.0,0.0,1.0,0.0,0.0,1.0,37.0,140.0,490.0,1.0
826,1.0,0.0,0.0,1.0,0.0,0.0,0.0,0.0,33.0,925.0,884.0,3.0
827,0.0,0.0,1.0,1.0,0.0,0.0,0.0,0.0,22.0,3472.0,332.0,1.0
828,0.0,0.0,1.0,0.0,1.0,0.0,0.0,0.0,32.0,133.0,171.0,1.0
829,1.0,0.0,0.0,0.0,0.0,1.0,0.0,0.0,36.0,0.0,147.0,2.0
830,0.0,1.0,0.0,0.0,0.0,1.0,0.0,0.0,34.0,674.0,587.0,2.0
831,1.0,0.0,0.0,0.0,0.0,1.0,0.0,0.0,38.0,0.0,206.0,1.0
832,0.0,0.0,1.0,0.0,0.0,1.0,0.0,0.0,33.0,-53.0,617.0,2.0
833,0.0,0.0,1.0,0.0,0.0,1.0,0.0,0.0,31.0,12569.0,344.0,1.0
834,1.0,0.0,0.0,0.0,0.0,1.0,0.0,0.0,48.0,0.0,176.0,15.0
835,1.0,0.0,0.0,0.0,1.0,0.0,0.0,0.0,33.0,6699.0,425.0,1.0
836,0.0,0.0,1.0,0.0,0.0,1.0,0.0,0.0,29.0,437.0,504.0,1.0
837,1.0,0.0,0.0,0.0,0.0,1.0,0.0,0.0,31.0,2603.0,280.0,4.0
838,0.0,0.0,1.0,1.0,0.0,0.0,0.0,0.0,27.0,-179.0,54.0,2.0
839,1.0,0.0,0.0,0.0,1.0,0.0,0.0,0.0,51.0,95.0,1309.0,4.0
840,0.0,0.0,1.0,1.0,0.0,0.0,0.0,0.0,33.0,1.0,257.0,1.0
841,0.0,1.0,0.0,0.0,0.0,1.0,0.0,0.0,61.0,6610.0,481.0,2.0
842,1.0,0.0,0.0,0.0,1.0,0.0,0.0,0.0,33.0,359.0,210.0,1.0
843,1.0,0.0,0.0,0.0,1.0,0.0,0.0,1.0,33.0,804.0,266.0,1.0
844,0.0,1.0,0.0,1.0,0.0,0.0,0.0,0.0,59.0,133.0,206.0,1.0
845,1.0,0.0,0.0,0.0,1.0,0.0,0.0,1.0,33.0,137.0,305.0,12.0
846,1.0,0.0,0.0,1.0,0.0,0.0,0.0,0.0,83.0,425.0,883.0,1.0
847,0.0,1.0,0.0,0.0,1.0,0.0,0.0,0.0,36.0,1594.0,250.0,3.0
848,1.0,0.0,0.0,0.0,0.0,1.0,0.0,0.0,46.0,2262.0,44.0,14.0
849,0.0,0.0,1.0,0.0,1.0,0.0,0.0,0.0,29.0,113.0,328.0,2.0
850,1.0,0.0,0.0,1.0,0.0,0.0,0.0,0.0,44.0,4758.0,712.0,6.0
851,0.0,0.0,1.0,0.0,1.0,0.0,0.0,1.0,26.0,856.0,95.0,5.0
852,1.0,0.0,0.0,0.0,1.0,0.0,0.0,1.0,40.0,-378.0,541.0,1.0
853,0.0,1.0,0.0,0.0,1.0,0.0,0.0,0.0,46.0,435.0,192.0,3.0
854,1.0,0.0,0.0,0.0,0.0,1.0,0.0,1.0,26.0,454.0,28.0,18.0
855,1.0,0.0,0.0,0.0,0.0,1.0,0.0,0.0,39.0,562.0,303.0,2.0
856,0.0,0.0,1.0,0.0,0.0,1.0,0.0,0.0,36.0,613.0,86.0,2.0
857,1.0,0.0,0.0,0.0,1.0,0.0,0.0,0.0,39.0,266.0,102.0,2.0
858,0.0,1.0,0.0,0.0,1.0,0.0,0.0,0.0,38.0,70.0,255.0,3.0
859,1.0,0.0,0.0,0.0,1.0,0.0,0.0,0.0,39.0,-540.0,29.0,1.0
860,0.0,1.0,0.0,0.0,1.0,0.0,0.0,0.0,35.0,69.0,461.0,3.0
861,0.0,0.0,1.0,0.0,1.0,0.0,0.0,0.0,31.0,1588.0,14.0,1.0
862,0.0,0.0,1.0,0.0,0.0,1.0,0.0,0.0,29.0,455.0,403.0,1.0
863,1.0,0.0,0.0,0.0,1.0,0.0,0.0,1.0,46.0,556.0,646.0,3.0
864,0.0,1.0,0.0,1.0,0.0,0.0,0.0,0.0,45.0,3854.0,10.0,3.0
865,1.0,0.0,0.0,0.0,1.0,0.0,0.0,0.0,48.0,10655.0,5.0,3.0
866,0.0,0.0,1.0,0.0,0.0,1.0,0.0,0.0,47.0,0.0,58.0,3.0
867,1.0,0.0,0.0,0.0,0.0,1.0,0.0,0.0,44.0,1058.0,188.0,3.0
868,0.0,1.0,0.0,1.0,0.0,0.0,0.0,1.0,41.0,664.0,955.0,5.0
869,1.0,0.0,0.0,0.0,1.0,0.0,0.0,0.0,43.0,104.0,635.0,3.0
870,0.0,0.0,1.0,0.0,0.0,1.0,0.0,0.0,33.0,621.0,217.0,1.0
871,1.0,0.0,0.0,0.0,0.0,1.0,0.0,0.0,39.0,2763.0,526.0,2.0
872,1.0,0.0,0.0,0.0,1.0,0.0,0.0,0.0,59.0,0.0,812.0,1.0
873,1.0,0.0,0.0,0.0,0.0,1.0,0.0,0.0,41.0,6563.0,136.0,8.0
874,0.0,0.0,1.0,0.0,1.0,0.0,0.0,0.0,31.0,609.0,1126.0,1.0
875,1.0,0.0,0.0,0.0,1.0,0.0,0.0,0.0,50.0,1011.0,340.0,2.0
876,0.0,0.0,1.0,0.0,1.0,0.0,0.0,0.0,37.0,3665.0,664.0,3.0
877,0.0,1.0,0.0,0.0,0.0,1.0,0.0,0.0,55.0,1983.0,123.0,1.0
878,1.0,0.0,0.0,0.0,0.0,1.0,0.0,0.0,37.0,0.0,115.0,1.0
879,1.0,0.0,0.0,0.0,0.0,1.0,0.0,1.0,40.0,-17.0,474.0,1.0
880,0.0,0.0,1.0,0.0,0.0,1.0,0.0,0.0,38.0,25.0,232.0,2.0
881,1.0,0.0,0.0,0.0,0.0,1.0,0.0,0.0,36.0,605.0,204.0,1.0
882,1.0,0.0,0.0,0.0,1.0,0.0,0.0,0.0,36.0,1328.0,82.0,4.0
883,0.0,0.0,1.0,0.0,0.0,1.0,0.0,0.0,44.0,2734.0,897.0,4.0
884,1.0,0.0,0.0,0.0,1.0,0.0,0.0,0.0,60.0,1025.0,388.0,8.0
885,1.0,0.0,0.0,0.0,0.0,1.0,0.0,0.0,32.0,62.0,166.0,1.0
886,1.0,0.0,0.0,0.0,0.0,1.0,0.0,0.0,35.0,118.0,358.0,2.0
887,0.0,0.0,1.0,0.0,1.0,0.0,0.0,0.0,32.0,493.0,289.0,2.0
888,1.0,0.0,0.0,0.0,1.0,0.0,0.0,0.0,39.0,406.0,253.0,5.0
889,1.0,0.0,0.0,0.0,1.0,0.0,0.0,1.0,50.0,60.0,151.0,8.0
890,0.0,0.0,1.0,0.0,1.0,0.0,0.0,1.0,42.0,-247.0,519.0,1.0
891,1.0,0.0,0.0,0.0,1.0,0.0,0.0,0.0,45.0,204.0,224.0,2.0
892,1.0,0.0,0.0,0.0,0.0,1.0,0.0,0.0,54.0,876.0,269.0,3.0
893,1.0,0.0,0.0,1.0,0.0,0.0,0.0,0.0,52.0,1141.0,22.0,5.0
894,0.0,0.0,1.0,1.0,0.0,0.0,0.0,1.0,35.0,1147.0,29.0,1.0
895,0.0,0.0,1.0,0.0,1.0,0.0,0.0,0.0,28.0,1633.0,275.0,1.0
896,0.0,0.0,1.0,0.0,0.0,1.0,0.0,0.0,36.0,490.0,207.0,8.0
897,1.0,0.0,0.0,0.0,1.0,0.0,0.0,0.0,59.0,1.0,159.0,2.0
898,1.0,0.0,0.0,1.0,0.0,0.0,0.0,0.0,35.0,0.0,90.0,6.0
899,1.0,0.0,0.0,0.0,1.0,0.0,0.0,0.0,43.0,3060.0,253.0,2.0
900,1.0,0.0,0.0,0.0,1.0,0.0,0.0,0.0,55.0,1011.0,112.0,2.0
901,0.0,0.0,1.0,0.0,1.0,0.0,0.0,1.0,26.0,236.0,8.0,2.0
902,0.0,1.0,0.0,0.0,1.0,0.0,0.0,0.0,31.0,202.0,146.0,1.0
903,0.0,0.0,1.0,0.0,1.0,0.0,0.0,0.0,30.0,20.0,404.0,6.0
904,1.0,0.0,0.0,0.0,1.0,0.0,0.0,0.0,38.0,0.0,82.0,4.0
905,1.0,0.0,0.0,0.0,0.0,1.0,0.0,0.0,59.0,9676.0,234.0,2.0
906,0.0,0.0,1.0,0.0,0.0,1.0,0.0,0.0,48.0,2330.0,15.0,1.0
907,0.0,0.0,1.0,0.0,1.0,0.0,0.0,0.0,36.0,1511.0,270.0,1.0
908,0.0,0.0,1.0,0.0,1.0,0.0,0.0,0.0,26.0,668.0,576.0,3.0
909,0.0,0.0,1.0,1.0,0.0,0.0,0.0,0.0,26.0,-887.0,827.0,2.0
910,1.0,0.0,0.0,0.0,1.0,0.0,0.0,0.0,35.0,978.0,1370.0,3.0
911,1.0,0.0,0.0,0.0,1.0,0.0,0.0,0.0,43.0,667.0,228.0,3.0
912,0.0,0.0,1.0,0.0,0.0,1.0,0.0,0.0,35.0,44.0,310.0,2.0
913,1.0,0.0,0.0,1.0,0.0,0.0,0.0,0.0,37.0,37.0,24.0,2.0
914,1.0,0.0,0.0,0.0,1.0,0.0,0.0,0.0,64.0,1574.0,301.0,3.0
915,1.0,0.0,0.0,0.0,1.0,0.0,0.0,1.0,58.0,590.0,133.0,1.0
916,1.0,0.0,0.0,0.0,1.0,0.0,0.0,0.0,41.0,2993.0,24.0,12.0
917,1.0,0.0,0.0,1.0,0.0,0.0,0.0,0.0,49.0,902.0,210.0,2.0
918,1.0,0.0,0.0,0.0,0.0,1.0,0.0,0.0,38.0,2812.0,830.0,1.0
919,0.0,1.0,0.0,1.0,0.0,0.0,0.0,0.0,49.0,15.0,550.0,7.0
920,1.0,0.0,0.0,1.0,0.0,0.0,0.0,0.0,49.0,-384.0,25.0,1.0
921,1.0,0.0,0.0,0.0,1.0,0.0,0.0,0.0,53.0,225.0,304.0,1.0
922,0.0,1.0,0.0,0.0,1.0,0.0,1.0,0.0,48.0,20.0,145.0,3.0
923,1.0,0.0,0.0,1.0,0.0,0.0,0.0,0.0,59.0,1727.0,500.0,4.0
924,1.0,0.0,0.0,0.0,1.0,0.0,0.0,0.0,28.0,8.0,196.0,1.0
925,0.0,1.0,0.0,0.0,1.0,0.0,0.0,0.0,42.0,936.0,931.0,1.0
926,0.0,0.0,1.0,1.0,0.0,0.0,0.0,0.0,60.0,11262.0,323.0,1.0
927,1.0,0.0,0.0,0.0,0.0,1.0,0.0,0.0,36.0,16430.0,197.0,3.0
928,0.0,1.0,0.0,0.0,1.0,0.0,0.0,0.0,51.0,9228.0,655.0,4.0
929,1.0,0.0,0.0,1.0,0.0,0.0,0.0,1.0,42.0,-679.0,159.0,1.0
930,1.0,0.0,0.0,0.0,0.0,1.0,0.0,1.0,36.0,9269.0,107.0,2.0
931,1.0,0.0,0.0,0.0,0.0,1.0,0.0,0.0,62.0,1859.0,245.0,3.0
932,1.0,0.0,0.0,0.0,1.0,0.0,0.0,1.0,37.0,427.0,371.0,3.0
933,0.0,0.0,1.0,0.0,1.0,0.0,0.0,0.0,28.0,2700.0,337.0,4.0
934,0.0,1.0,0.0,0.0,1.0,0.0,0.0,0.0,27.0,451.0,652.0,1.0
935,1.0,0.0,0.0,0.0,1.0,0.0,0.0,0.0,34.0,1076.0,152.0,1.0
936,0.0,1.0,0.0,0.0,0.0,1.0,0.0,0.0,42.0,0.0,131.0,2.0
937,1.0,0.0,0.0,1.0,0.0,0.0,0.0,0.0,69.0,579.0,230.0,1.0
938,1.0,0.0,0.0,0.0,0.0,1.0,0.0,0.0,45.0,265.0,14.0,3.0
939,1.0,0.0,0.0,1.0,0.0,0.0,0.0,0.0,46.0,222.0,71.0,2.0
940,0.0,0.0,1.0,0.0,0.0,1.0,0.0,0.0,26.0,294.0,87.0,1.0
941,0.0,0.0,1.0,0.0,1.0,0.0,0.0,0.0,53.0,2398.0,317.0,1.0
942,0.0,0.0,1.0,0.0,1.0,0.0,0.0,0.0,40.0,1670.0,161.0,2.0
943,0.0,1.0,0.0,1.0,0.0,0.0,0.0,0.0,36.0,-308.0,725.0,1.0
944,1.0,0.0,0.0,0.0,0.0,1.0,0.0,0.0,37.0,393.0,567.0,3.0
945,1.0,0.0,0.0,1.0,0.0,0.0,1.0,0.0,48.0,-583.0,25.0,7.0
946,0.0,0.0,1.0,0.0,1.0,0.0,0.0,1.0,30.0,-522.0,670.0,2.0
947,0.0,0.0,1.0,0.0,1.0,0.0,0.0,0.0,32.0,0.0,594.0,4.0
948,1.0,0.0,0.0,0.0,1.0,0.0,0.0,0.0,40.0,1836.0,750.0,2.0
949,1.0,0.0,0.0,0.0,0.0,1.0,0.0,0.0,52.0,3163.0,56.0,6.0
950,1.0,0.0,0.0,1.0,0.0,0.0,0.0,0.0,52.0,1054.0,273.0,1.0
951,1.0,0.0,0.0,0.0,1.0,0.0,0.0,1.0,43.0,699.0,1258.0,2.0
952,1.0,0.0,0.0,0.0,1.0,0.0,0.0,1.0,27.0,710.0,653.0,1.0
953,1.0,0.0,0.0,0.0,0.0,1.0,0.0,0.0,32.0,2349.0,134.0,5.0
954,1.0,0.0,0.0,0.0,0.0,1.0,0.0,0.0,32.0,5878.0,159.0,2.0
955,0.0,0.0,1.0,0.0,1.0,0.0,0.0,0.0,31.0,-219.0,66.0,2.0
956,0.0,1.0,0.0,1.0,0.0,0.0,0.0,0.0,45.0,-311.0,1030.0,1.0
957,0.0,0.0,1.0,1.0,0.0,0.0,0.0,0.0,19.0,103.0,104.0,2.0
958,0.0,0.0,1.0,0.0,0.0,1.0,0.0,0.0,25.0,343.0,377.0,1.0
959,0.0,0.0,1.0,0.0,1.0,0.0,0.0,0.0,44.0,1679.0,718.0,1.0
960,1.0,0.0,0.0,0.0,1.0,0.0,0.0,0.0,38.0,6728.0,232.0,1.0
961,0.0,0.0,1.0,0.0,0.0,1.0,0.0,0.0,27.0,5291.0,192.0,2.0
962,0.0,0.0,1.0,0.0,0.0,1.0,0.0,0.0,34.0,4348.0,373.0,8.0
963,0.0,0.0,1.0,0.0,1.0,0.0,0.0,0.0,32.0,249.0,258.0,1.0
964,1.0,0.0,0.0,0.0,1.0,0.0,0.0,0.0,56.0,344.0,221.0,1.0
965,1.0,0.0,0.0,0.0,0.0,1.0,0.0,0.0,37.0,3913.0,124.0,1.0
966,0.0,1.0,0.0,0.0,0.0,1.0,0.0,0.0,34.0,262.0,371.0,1.0
967,1.0,0.0,0.0,0.0,0.0,1.0,0.0,0.0,35.0,8.0,93.0,3.0
968,1.0,0.0,0.0,0.0,0.0,1.0,0.0,0.0,41.0,326.0,788.0,1.0
969,1.0,0.0,0.0,0.0,1.0,0.0,0.0,0.0,39.0,0.0,53.0,1.0
970,0.0,1.0,0.0,0.0,1.0,0.0,0.0,0.0,44.0,-329.0,171.0,1.0
971,0.0,0.0,1.0,0.0,1.0,0.0,0.0,1.0,28.0,517.0,681.0,1.0
972,1.0,0.0,0.0,0.0,0.0,1.0,0.0,0.0,39.0,0.0,46.0,2.0
973,1.0,0.0,0.0,0.0,1.0,0.0,0.0,0.0,56.0,1044.0,353.0,2.0
974,1.0,0.0,0.0,1.0,0.0,0.0,0.0,0.0,36.0,1925.0,904.0,2.0
975,1.0,0.0,0.0,0.0,1.0,0.0,0.0,0.0,42.0,130.0,285.0,1.0
976,0.0,0.0,1.0,0.0,1.0,0.0,0.0,0.0,29.0,908.0,1663.0,1.0
977,0.0,0.0,1.0,0.0,0.0,1.0,0.0,0.0,30.0,4213.0,142.0,4.0
978,0.0,0.0,1.0,0.0,1.0,0.0,0.0,0.0,33.0,2085.0,501.0,2.0
979,0.0,1.0,0.0,1.0,0.0,0.0,0.0,0.0,54.0,4382.0,193.0,4.0
980,1.0,0.0,0.0,0.0,0.0,1.0,0.0,0.0,38.0,950.0,210.0,2.0
981,0.0,0.0,1.0,0.0,1.0,0.0,0.0,0.0,35.0,5731.0,164.0,2.0
982,1.0,0.0,0.0,1.0,0.0,0.0,0.0,1.0,30.0,-518.0,244.0,6.0
983,0.0,1.0,0.0,0.0,0.0,1.0,0.0,0.0,55.0,9756.0,103.0,2.0
984,0.0,0.0,1.0,0.0,1.0,0.0,0.0,0.0,28.0,4745.0,360.0,1.0
985,0.0,1.0,0.0,1.0,0.0,0.0,0.0,0.0,84.0,639.0,353.0,3.0
986,0.0,1.0,0.0,0.0,0.0,1.0,0.0,0.0,32.0,883.0,798.0,1.0
987,1.0,0.0,0.0,1.0,0.0,0.0,0.0,0.0,73.0,279.0,399.0,3.0
988,1.0,0.0,0.0,0.0,0.0,1.0,0.0,1.0,32.0,273.0,97.0,3.0
989,0.0,0.0,1.0,0.0,0.0,1.0,0.0,0.0,36.0,553.0,106.0,2.0
990,0.0,1.0,0.0,0.0,0.0,1.0,0.0,0.0,77.0,4659.0,161.0,1.0
991,1.0,0.0,0.0,0.0,1.0,0.0,0.0,0.0,52.0,2087.0,267.0,1.0
992,1.0,0.0,0.0,0.0,1.0,0.0,0.0,0.0,40.0,-396.0,127.0,1.0
993,1.0,0.0,0.0,1.0,0.0,0.0,0.0,0.0,41.0,1172.0,153.0,1.0
994,1.0,0.0,0.0,1.0,0.0,0.0,0.0,0.0,31.0,25.0,169.0,5.0
995,1.0,0.0,0.0,1.0,0.0,0.0,0.0,0.0,58.0,0.0,535.0,2.0
996,0.0,1.0,0.0,0.0,1.0,0.0,0.0,1.0,55.0,61.0,113.0,3.0
997,0.0,1.0,0.0,0.0,0.0,1.0,0.0,0.0,62.0,0.0,227.0,2.0
998,1.0,0.0,0.0,0.0,1.0,0.0,0.0,0.0,39.0,4722.0,483.0,1.0
999,1.0,0.0,0.0,0.0,1.0,0.0,0.0,1.0,38.0,0.0,1473.0,6.0
1000,0.0,1.0,0.0,1.0,0.0,0.0,1.0,0.0,56.0,1238.0,1558.0,1.0
1001,0.0,1.0,0.0,0.0,1.0,0.0,0.0,1.0,41.0,6046.0,300.0,6.0
1002,1.0,0.0,0.0,1.0,0.0,0.0,0.0,0.0,34.0,1666.0,30.0,1.0
1003,0.0,0.0,1.0,0.0,0.0,1.0,0.0,0.0,42.0,10907.0,74.0,3.0
1004,0.0,1.0,0.0,0.0,1.0,0.0,0.0,1.0,35.0,275.0,144.0,5.0
1005,0.0,0.0,1.0,0.0,1.0,0.0,0.0,1.0,29.0,3672.0,1210.0,1.0
1006,1.0,0.0,0.0,0.0,1.0,0.0,0.0,0.0,54.0,0.0,1366.0,1.0
1007,0.0,0.0,1.0,0.0,1.0,0.0,0.0,0.0,41.0,1020.0,882.0,1.0
1008,1.0,0.0,0.0,0.0,1.0,0.0,0.0,0.0,48.0,1355.0,134.0,2.0
1009,0.0,0.0,1.0,0.0,1.0,0.0,0.0,0.0,32.0,473.0,624.0,5.0
1010,1.0,0.0,0.0,0.0,1.0,0.0,0.0,0.0,46.0,271.0,134.0,4.0
1011,1.0,0.0,0.0,0.0,1.0,0.0,0.0,0.0,51.0,1415.0,151.0,3.0
1012,1.0,0.0,0.0,0.0,1.0,0.0,0.0,0.0,56.0,16873.0,223.0,1.0
1013,1.0,0.0,0.0,0.0,0.0,1.0,0.0,0.0,35.0,1145.0,82.0,2.0
1014,1.0,0.0,0.0,0.0,0.0,1.0,0.0,1.0,42.0,157.0,650.0,1.0
1015,1.0,0.0,0.0,0.0,1.0,0.0,0.0,1.0,46.0,0.0,239.0,2.0
1016,0.0,1.0,0.0,1.0,0.0,0.0,0.0,0.0,31.0,459.0,623.0,1.0
1017,0.0,1.0,0.0,1.0,0.0,0.0,0.0,0.0,56.0,694.0,144.0,1.0
1018,0.0,0.0,1.0,0.0,0.0,1.0,0.0,0.0,39.0,426.0,1029.0,1.0
1019,0.0,0.0,1.0,0.0,0.0,1.0,0.0,1.0,58.0,331.0,82.0,3.0
1020,0.0,0.0,1.0,0.0,1.0,0.0,0.0,0.0,40.0,100.0,221.0,1.0
1021,0.0,0.0,1.0,0.0,1.0,0.0,0.0,0.0,28.0,168.0,347.0,3.0
1022,0.0,0.0,1.0,0.0,1.0,0.0,0.0,0.0,44.0,5045.0,20.0,6.0
1023,1.0,0.0,0.0,0.0,0.0,1.0,0.0,0.0,36.0,495.0,213.0,3.0
1024,0.0,1.0,0.0,0.0,1.0,0.0,0.0,0.0,42.0,257.0,955.0,2.0
1025,0.0,1.0,0.0,0.0,0.0,1.0,0.0,0.0,54.0,1295.0,179.0,10.0
1026,0.0,1.0,0.0,0.0,1.0,0.0,0.0,0.0,53.0,-905.0,213.0,1.0
1027,1.0,0.0,0.0,0.0,1.0,0.0,0.0,1.0,41.0,2125.0,285.0,3.0
1028,0.0,0.0,1.0,0.0,1.0,0.0,0.0,0.0,31.0,747.0,543.0,2.0
1029,1.0,0.0,0.0,0.0,1.0,0.0,0.0,0.0,42.0,0.0,82.0,12.0
1030,0.0,0.0,1.0,0.0,0.0,1.0,0.0,0.0,25.0,1420.0,124.0,2.0
1031,0.0,1.0,0.0,0.0,1.0,0.0,0.0,0.0,70.0,6850.0,252.0,3.0
1032,1.0,0.0,0.0,0.0,1.0,0.0,0.0,0.0,56.0,1270.0,80.0,2.0
1033,1.0,0.0,0.0,0.0,0.0,1.0,0.0,0.0,25.0,10.0,857.0,4.0
1034,0.0,1.0,0.0,0.0,0.0,1.0,0.0,0.0,35.0,0.0,171.0,1.0
1035,0.0,0.0,1.0,0.0,0.0,1.0,0.0,0.0,35.0,2988.0,179.0,1.0
1036,1.0,0.0,0.0,1.0,0.0,0.0,0.0,1.0,38.0,506.0,122.0,1.0
1037,0.0,0.0,1.0,0.0,1.0,0.0,0.0,0.0,59.0,351.0,1063.0,5.0
1038,0.0,0.0,1.0,0.0,1.0,0.0,1.0,0.0,30.0,239.0,412.0,1.0
1039,1.0,0.0,0.0,0.0,0.0,1.0,0.0,0.0,53.0,15.0,921.0,2.0
1040,0.0,0.0,1.0,0.0,0.0,1.0,0.0,0.0,32.0,2536.0,958.0,6.0
1041,1.0,0.0,0.0,0.0,1.0,0.0,0.0,0.0,50.0,669.0,88.0,1.0
1042,0.0,0.0,1.0,0.0,0.0,1.0,0.0,0.0,38.0,623.0,297.0,4.0
1043,0.0,0.0,1.0,0.0,0.0,1.0,0.0,0.0,34.0,5462.0,430.0,1.0
1044,0.0,0.0,1.0,0.0,1.0,0.0,0.0,0.0,26.0,1347.0,280.0,6.0
1045,1.0,0.0,0.0,1.0,0.0,0.0,0.0,1.0,50.0,341.0,670.0,4.0
1046,1.0,0.0,0.0,0.0,0.0,1.0,0.0,0.0,38.0,170.0,442.0,1.0
1047,1.0,0.0,0.0,0.0,1.0,0.0,0.0,0.0,30.0,11.0,157.0,1.0
1048,0.0,0.0,1.0,0.0,0.0,1.0,0.0,0.0,38.0,0.0,260.0,3.0
1049,0.0,0.0,1.0,0.0,0.0,1.0,0.0,0.0,30.0,261.0,233.0,1.0
1050,0.0,1.0,0.0,0.0,1.0,0.0,0.0,0.0,34.0,-251.0,641.0,1.0
1051,1.0,0.0,0.0,0.0,1.0,0.0,0.0,0.0,39.0,0.0,502.0,1.0
1052,1.0,0.0,0.0,0.0,1.0,0.0,0.0,0.0,36.0,2357.0,228.0,2.0
1053,0.0,0.0,1.0,0.0,0.0,1.0,0.0,0.0,69.0,2144.0,417.0,1.0
1054,0.0,0.0,1.0,0.0,1.0,0.0,0.0,1.0,34.0,79.0,104.0,1.0
1055,1.0,0.0,0.0,0.0,0.0,1.0,0.0,0.0,53.0,451.0,125.0,1.0
1056,0.0,0.0,1.0,0.0,1.0,0.0,0.0,0.0,27.0,468.0,109.0,1.0
1057,0.0,0.0,1.0,0.0,1.0,0.0,0.0,0.0,42.0,382.0,294.0,1.0
1058,1.0,0.0,0.0,0.0,1.0,0.0,0.0,0.0,47.0,1996.0,761.0,2.0
1059,1.0,0.0,0.0,1.0,0.0,0.0,0.0,0.0,51.0,377.0,143.0,4.0
1060,1.0,0.0,0.0,0.0,1.0,0.0,0.0,0.0,35.0,2971.0,429.0,4.0
1061,1.0,0.0,0.0,1.0,0.0,0.0,0.0,0.0,39.0,2303.0,775.0,3.0
1062,1.0,0.0,0.0,1.0,0.0,0.0,0.0,0.0,57.0,5799.0,97.0,1.0
1063,1.0,0.0,0.0,1.0,0.0,0.0,0.0,0.0,59.0,2814.0,81.0,3.0
1064,1.0,0.0,0.0,0.0,0.0,1.0,0.0,1.0,34.0,69.0,120.0,3.0
1065,0.0,0.0,1.0,0.0,0.0,1.0,0.0,0.0,38.0,104.0,606.0,3.0
1066,0.0,1.0,0.0,0.0,1.0,0.0,0.0,0.0,29.0,84.0,1101.0,2.0
1067,1.0,0.0,0.0,0.0,1.0,0.0,0.0,1.0,54.0,-315.0,2029.0,1.0
1068,1.0,0.0,0.0,0.0,0.0,1.0,0.0,0.0,39.0,722.0,141.0,1.0
1069,0.0,1.0,0.0,0.0,1.0,0.0,0.0,0.0,38.0,595.0,245.0,3.0
1070,1.0,0.0,0.0,1.0,0.0,0.0,0.0,0.0,55.0,2587.0,328.0,2.0
1071,0.0,1.0,0.0,0.0,1.0,0.0,0.0,0.0,45.0,1269.0,549.0,2.0
1072,1.0,0.0,0.0,0.0,0.0,1.0,0.0,1.0,41.0,4824.0,168.0,7.0
1073,1.0,0.0,0.0,0.0,0.0,1.0,0.0,0.0,45.0,1529.0,160.0,1.0
1074,1.0,0.0,0.0,1.0,0.0,0.0,0.0,0.0,52.0,592.0,122.0,2.0
1075,1.0,0.0,0.0,1.0,0.0,0.0,0.0,0.0,48.0,7195.0,609.0,2.0
1076,0.0,0.0,1.0,0.0,0.0,1.0,0.0,0.0,34.0,2646.0,142.0,1.0
1077,0.0,0.0,1.0,0.0,1.0,0.0,0.0,0.0,38.0,4366.0,188.0,2.0
1078,1.0,0.0,0.0,0.0,0.0,1.0,0.0,1.0,25.0,-242.0,600.0,4.0
1079,1.0,0.0,0.0,0.0,1.0,0.0,0.0,0.0,40.0,2.0,197.0,5.0
1080,1.0,0.0,0.0,0.0,0.0,1.0,0.0,0.0,52.0,2557.0,134.0,5.0
1081,0.0,1.0,0.0,0.0,1.0,0.0,0.0,0.0,29.0,330.0,88.0,2.0
1082,0.0,1.0,0.0,0.0,1.0,0.0,0.0,0.0,35.0,308.0,77.0,2.0
1083,0.0,0.0,1.0,0.0,0.0,1.0,0.0,0.0,40.0,1361.0,1473.0,1.0
1084,0.0,0.0,1.0,0.0,0.0,1.0,0.0,0.0,36.0,197.0,260.0,1.0
1085,0.0,1.0,0.0,0.0,1.0,0.0,0.0,0.0,43.0,738.0,585.0,4.0
1086,1.0,0.0,0.0,0.0,1.0,0.0,0.0,0.0,34.0,0.0,172.0,1.0
1087,0.0,0.0,1.0,1.0,0.0,0.0,0.0,0.0,41.0,0.0,239.0,1.0
1088,0.0,1.0,0.0,1.0,0.0,0.0,0.0,0.0,76.0,86.0,192.0,1.0
1089,0.0,0.0,1.0,0.0,0.0,1.0,0.0,0.0,30.0,329.0,122.0,16.0
1090,1.0,0.0,0.0,0.0,1.0,0.0,0.0,0.0,32.0,0.0,80.0,2.0
1091,1.0,0.0,0.0,0.0,1.0,0.0,0.0,0.0,24.0,556.0,460.0,2.0
1092,1.0,0.0,0.0,0.0,1.0,0.0,0.0,0.0,39.0,5731.0,175.0,2.0
1093,0.0,0.0,1.0,0.0,1.0,0.0,0.0,0.0,33.0,697.0,860.0,2.0
1094,0.0,0.0,1.0,0.0,1.0,0.0,0.0,0.0,38.0,-196.0,60.0,1.0
1095,1.0,0.0,0.0,0.0,0.0,1.0,0.0,0.0,59.0,593.0,64.0,2.0
1096,1.0,0.0,0.0,0.0,0.0,1.0,0.0,0.0,34.0,1539.0,441.0,1.0
1097,0.0,1.0,0.0,0.0,0.0,1.0,0.0,0.0,47.0,477.0,973.0,1.0
1098,1.0,0.0,0.0,0.0,1.0,0.0,0.0,0.0,44.0,1071.0,143.0,3.0
1099,1.0,0.0,0.0,0.0,0.0,1.0,0.0,0.0,52.0,0.0,197.0,1.0
1100,1.0,0.0,0.0,0.0,1.0,0.0,0.0,0.0,68.0,19317.0,249.0,1.0
1101,1.0,0.0,0.0,1.0,0.0,0.0,0.0,0.0,51.0,42.0,51.0,2.0
1102,0.0,0.0,1.0,0.0,1.0,0.0,0.0,0.0,27.0,54.0,543.0,2.0
1103,1.0,0.0,0.0,0.0,0.0,1.0,0.0,0.0,47.0,0.0,508.0,1.0
1104,0.0,0.0,1.0,0.0,0.0,1.0,0.0,0.0,32.0,3616.0,165.0,2.0
1105,0.0,1.0,0.0,0.0,1.0,0.0,0.0,0.0,39.0,687.0,869.0,1.0
1106,1.0,0.0,0.0,0.0,0.0,1.0,0.0,0.0,33.0,595.0,22.0,2.0
1107,1.0,0.0,0.0,0.0,1.0,0.0,0.0,0.0,56.0,345.0,605.0,1.0
1108,1.0,0.0,0.0,0.0,1.0,0.0,0.0,0.0,35.0,2.0,653.0,3.0
1109,1.0,0.0,0.0,0.0,1.0,0.0,0.0,0.0,59.0,163.0,464.0,1.0
1110,1.0,0.0,0.0,1.0,0.0,0.0,0.0,0.0,58.0,65.0,162.0,1.0
1111,1.0,0.0,0.0,0.0,0.0,1.0,0.0,0.0,36.0,2987.0,307.0,1.0
1112,0.0,1.0,0.0,0.0,0.0,1.0,0.0,0.0,41.0,5037.0,252.0,9.0
1113,0.0,0.0,1.0,0.0,0.0,1.0,0.0,0.0,34.0,925.0,709.0,1.0
1114,1.0,0.0,0.0,0.0,1.0,0.0,0.0,0.0,28.0,-97.0,79.0,1.0
1115,1.0,0.0,0.0,0.0,1.0,0.0,0.0,0.0,56.0,238.0,808.0,1.0
1116,0.0,0.0,1.0,0.0,0.0,1.0,0.0,0.0,35.0,145.0,799.0,2.0
1117,1.0,0.0,0.0,0.0,1.0,0.0,0.0,0.0,42.0,3052.0,32.0,1.0
1118,1.0,0.0,0.0,1.0,0.0,0.0,0.0,0.0,58.0,23.0,91.0,6.0
1119,0.0,0.0,1.0,0.0,0.0,1.0,0.0,0.0,32.0,474.0,90.0,3.0
1120,1.0,0.0,0.0,0.0,1.0,0.0,0.0,0.0,57.0,2887.0,819.0,10.0
1121,1.0,0.0,0.0,0.0,0.0,1.0,0.0,0.0,33.0,148.0,717.0,1.0
1122,0.0,1.0,0.0,0.0,1.0,0.0,0.0,0.0,55.0,138.0,205.0,1.0
1123,1.0,0.0,0.0,1.0,0.0,0.0,0.0,0.0,32.0,415.0,777.0,4.0
1124,0.0,0.0,1.0,0.0,0.0,1.0,0.0,0.0,28.0,0.0,294.0,2.0
1125,0.0,1.0,0.0,0.0,1.0,0.0,0.0,1.0,55.0,1580.0,1007.0,1.0
1126,0.0,0.0,1.0,0.0,1.0,0.0,0.0,1.0,33.0,238.0,45.0,5.0
1127,1.0,0.0,0.0,0.0,1.0,0.0,0.0,0.0,41.0,1066.0,109.0,3.0
1128,1.0,0.0,0.0,0.0,1.0,0.0,0.0,0.0,48.0,117.0,635.0,1.0
1129,1.0,0.0,0.0,0.0,1.0,0.0,0.0,0.0,61.0,967.0,180.0,1.0
1130,1.0,0.0,0.0,0.0,0.0,1.0,0.0,0.0,49.0,443.0,27.0,6.0
1131,0.0,1.0,0.0,1.0,0.0,0.0,0.0,0.0,35.0,1792.0,630.0,6.0
1132,1.0,0.0,0.0,0.0,1.0,0.0,0.0,0.0,36.0,42.0,102.0,4.0
1133,1.0,0.0,0.0,0.0,0.0,1.0,0.0,0.0,60.0,4256.0,239.0,3.0
1134,0.0,0.0,1.0,0.0,0.0,1.0,1.0,0.0,51.0,-55.0,281.0,2.0
1135,1.0,0.0,0.0,0.0,0.0,1.0,0.0,0.0,30.0,931.0,1183.0,1.0
1136,0.0,0.0,1.0,0.0,1.0,0.0,0.0,0.0,28.0,-46.0,199.0,1.0
1137,1.0,0.0,0.0,0.0,1.0,0.0,1.0,0.0,27.0,-584.0,411.0,2.0
1138,0.0,0.0,1.0,0.0,1.0,0.0,0.0,0.0,33.0,894.0,509.0,2.0
1139,1.0,0.0,0.0,0.0,1.0,0.0,0.0,0.0,35.0,0.0,524.0,1.0
1140,0.0,0.0,1.0,0.0,1.0,0.0,0.0,0.0,28.0,1532.0,253.0,1.0
1141,0.0,0.0,1.0,0.0,0.0,1.0,0.0,0.0,34.0,0.0,191.0,2.0
1142,0.0,0.0,1.0,0.0,0.0,1.0,0.0,0.0,27.0,703.0,590.0,3.0
1143,0.0,1.0,0.0,0.0,1.0,0.0,0.0,0.0,74.0,4079.0,343.0,3.0
1144,0.0,1.0,0.0,0.0,0.0,1.0,1.0,0.0,39.0,3.0,488.0,1.0
1145,1.0,0.0,0.0,1.0,0.0,0.0,0.0,0.0,45.0,-322.0,225.0,2.0
1146,1.0,0.0,0.0,0.0,1.0,0.0,0.0,0.0,50.0,181.0,599.0,2.0
1147,1.0,0.0,0.0,0.0,0.0,1.0,0.0,0.0,34.0,0.0,262.0,1.0
1148,1.0,0.0,0.0,0.0,1.0,0.0,0.0,0.0,56.0,45.0,1467.0,1.0
1149,1.0,0.0,0.0,0.0,1.0,0.0,0.0,0.0,54.0,1480.0,108.0,1.0
1150,0.0,0.0,1.0,0.0,1.0,0.0,0.0,0.0,26.0,622.0,1451.0,2.0
1151,0.0,0.0,1.0,0.0,0.0,1.0,0.0,0.0,29.0,1026.0,226.0,1.0
1152,1.0,0.0,0.0,0.0,1.0,0.0,0.0,0.0,33.0,661.0,968.0,1.0
1153,1.0,0.0,0.0,1.0,0.0,0.0,0.0,1.0,56.0,306.0,212.0,1.0
1154,0.0,0.0,1.0,0.0,1.0,0.0,0.0,0.0,25.0,-350.0,95.0,3.0
1155,1.0,0.0,0.0,0.0,0.0,1.0,0.0,0.0,37.0,4089.0,289.0,2.0
1156,1.0,0.0,0.0,0.0,1.0,0.0,0.0,0.0,47.0,480.0,211.0,2.0
1157,1.0,0.0,0.0,1.0,0.0,0.0,0.0,1.0,51.0,5050.0,75.0,7.0
1158,0.0,0.0,1.0,0.0,0.0,1.0,0.0,0.0,28.0,0.0,205.0,6.0
1159,1.0,0.0,0.0,0.0,0.0,1.0,0.0,0.0,42.0,1205.0,376.0,2.0
1160,1.0,0.0,0.0,0.0,1.0,0.0,0.0,0.0,33.0,0.0,44.0,8.0
1161,0.0,1.0,0.0,0.0,1.0,0.0,0.0,0.0,39.0,83.0,69.0,6.0
1162,1.0,0.0,0.0,0.0,0.0,1.0,0.0,0.0,61.0,6016.0,670.0,3.0
1163,0.0,1.0,0.0,0.0,0.0,1.0,0.0,0.0,50.0,13.0,76.0,1.0
1164,0.0,0.0,1.0,0.0,1.0,0.0,0.0,1.0,29.0,482.0,1097.0,3.0
1165,1.0,0.0,0.0,0.0,1.0,0.0,0.0,0.0,36.0,480.0,213.0,1.0
1166,0.0,0.0,1.0,0.0,0.0,1.0,0.0,0.0,36.0,40.0,359.0,3.0
1167,0.0,1.0,0.0,0.0,1.0,0.0,0.0,0.0,37.0,490.0,73.0,1.0
1168,0.0,0.0,1.0,0.0,0.0,1.0,0.0,0.0,32.0,5514.0,319.0,1.0
1169,1.0,0.0,0.0,1.0,0.0,0.0,0.0,0.0,35.0,0.0,340.0,3.0
1170,1.0,0.0,0.0,0.0,1.0,0.0,0.0,0.0,31.0,92.0,688.0,1.0
1171,0.0,0.0,1.0,0.0,0.0,1.0,0.0,0.0,26.0,1216.0,472.0,2.0
1172,1.0,0.0,0.0,0.0,1.0,0.0,0.0,0.0,41.0,1602.0,142.0,1.0
1173,1.0,0.0,0.0,1.0,0.0,0.0,0.0,0.0,40.0,33.0,70.0,3.0
1174,1.0,0.0,0.0,0.0,0.0,1.0,0.0,0.0,36.0,-381.0,30.0,29.0
1175,0.0,0.0,1.0,0.0,0.0,1.0,0.0,0.0,35.0,0.0,669.0,6.0
1176,1.0,0.0,0.0,0.0,1.0,0.0,0.0,1.0,31.0,0.0,71.0,1.0
1177,1.0,0.0,0.0,1.0,0.0,0.0,0.0,0.0,53.0,732.0,759.0,2.0
1178,0.0,1.0,0.0,0.0,1.0,0.0,0.0,0.0,45.0,59.0,873.0,8.0
1179,0.0,0.0,1.0,0.0,0.0,1.0,0.0,0.0,30.0,3516.0,447.0,4.0
1180,1.0,0.0,0.0,0.0,1.0,0.0,0.0,0.0,37.0,1978.0,404.0,1.0
1181,1.0,0.0,0.0,1.0,0.0,0.0,0.0,0.0,47.0,881.0,143.0,1.0
1182,1.0,0.0,0.0,0.0,0.0,1.0,0.0,0.0,47.0,286.0,557.0,7.0
1183,1.0,0.0,0.0,0.0,1.0,0.0,0.0,1.0,56.0,2190.0,90.0,2.0
1184,1.0,0.0,0.0,1.0,0.0,0.0,0.0,0.0,53.0,980.0,352.0,1.0
1185,1.0,0.0,0.0,0.0,0.0,1.0,0.0,0.0,40.0,0.0,147.0,1.0
1186,0.0,1.0,0.0,1.0,0.0,0.0,0.0,0.0,33.0,636.0,211.0,11.0
1187,1.0,0.0,0.0,0.0,1.0,0.0,0.0,1.0,31.0,79.0,235.0,11.0
1188,0.0,0.0,1.0,0.0,1.0,0.0,0.0,0.0,30.0,334.0,389.0,2.0
1189,0.0,0.0,1.0,0.0,0.0,1.0,0.0,1.0,30.0,901.0,601.0,1.0
1190,1.0,0.0,0.0,1.0,0.0,0.0,0.0,0.0,51.0,40.0,79.0,1.0
1191,0.0,0.0,1.0,0.0,1.0,0.0,0.0,0.0,27.0,3792.0,279.0,2.0
1192,1.0,0.0,0.0,0.0,1.0,0.0,0.0,0.0,36.0,1049.0,224.0,4.0
1193,0.0,0.0,1.0,0.0,1.0,0.0,0.0,0.0,34.0,16.0,990.0,1.0
1194,1.0,0.0,0.0,0.0,1.0,0.0,0.0,0.0,37.0,176.0,147.0,2.0
1195,0.0,0.0,1.0,0.0,1.0,0.0,0.0,0.0,34.0,1076.0,70.0,2.0
1196,1.0,0.0,0.0,0.0,1.0,0.0,0.0,0.0,54.0,865.0,71.0,1.0
1197,1.0,0.0,0.0,0.0,1.0,0.0,0.0,1.0,31.0,1766.0,166.0,2.0
1198,1.0,0.0,0.0,0.0,1.0,0.0,0.0,0.0,41.0,429.0,244.0,1.0
1199,1.0,0.0,0.0,0.0,1.0,0.0,0.0,0.0,55.0,602.0,324.0,3.0
1200,0.0,1.0,0.0,0.0,1.0,0.0,0.0,0.0,35.0,221.0,150.0,1.0
1201,1.0,0.0,0.0,0.0,1.0,0.0,0.0,0.0,61.0,2917.0,215.0,1.0
1202,1.0,0.0,0.0,0.0,1.0,0.0,0.0,0.0,49.0,4667.0,130.0,2.0
1203,0.0,0.0,1.0,1.0,0.0,0.0,0.0,0.0,37.0,6969.0,412.0,1.0
1204,1.0,0.0,0.0,0.0,1.0,0.0,0.0,1.0,49.0,1916.0,281.0,3.0
1205,0.0,0.0,1.0,0.0,1.0,0.0,0.0,0.0,58.0,2223.0,1139.0,2.0
1206,1.0,0.0,0.0,0.0,1.0,0.0,0.0,1.0,31.0,5.0,101.0,7.0
1207,0.0,0.0,1.0,0.0,1.0,0.0,0.0,0.0,45.0,0.0,1472.0,1.0
1208,0.0,1.0,0.0,0.0,1.0,0.0,0.0,1.0,42.0,47.0,141.0,1.0
1209,0.0,1.0,0.0,0.0,1.0,0.0,0.0,0.0,45.0,0.0,264.0,1.0
1210,1.0,0.0,0.0,0.0,1.0,0.0,0.0,0.0,49.0,1623.0,1081.0,2.0
1211,1.0,0.0,0.0,0.0,1.0,0.0,1.0,0.0,55.0,-308.0,781.0,1.0
1212,1.0,0.0,0.0,0.0,1.0,0.0,0.0,0.0,33.0,1844.0,241.0,3.0
1213,0.0,0.0,1.0,0.0,0.0,1.0,1.0,0.0,51.0,-55.0,119.0,6.0
1214,1.0,0.0,0.0,1.0,0.0,0.0,0.0,0.0,41.0,-306.0,500.0,1.0
1215,1.0,0.0,0.0,0.0,1.0,0.0,0.0,0.0,36.0,300.0,287.0,1.0
1216,1.0,0.0,0.0,0.0,1.0,0.0,0.0,0.0,47.0,1233.0,91.0,1.0
1217,1.0,0.0,0.0,0.0,1.0,0.0,0.0,0.0,57.0,0.0,197.0,2.0
1218,1.0,0.0,0.0,0.0,1.0,0.0,0.0,0.0,42.0,994.0,149.0,1.0
1219,0.0,0.0,1.0,0.0,0.0,1.0,0.0,0.0,34.0,318.0,133.0,2.0
1220,1.0,0.0,0.0,0.0,0.0,1.0,0.0,0.0,37.0,0.0,268.0,2.0
1221,1.0,0.0,0.0,0.0,0.0,1.0,0.0,0.0,42.0,1932.0,192.0,32.0
1222,0.0,0.0,1.0,0.0,1.0,0.0,0.0,0.0,30.0,180.0,203.0,1.0
1223,1.0,0.0,0.0,0.0,0.0,1.0,0.0,0.0,43.0,1574.0,167.0,3.0
1224,1.0,0.0,0.0,1.0,0.0,0.0,0.0,0.0,42.0,-97.0,216.0,4.0
1225,1.0,0.0,0.0,0.0,0.0,1.0,0.0,0.0,34.0,8.0,169.0,4.0
1226,1.0,0.0,0.0,1.0,0.0,0.0,0.0,0.0,46.0,-35.0,304.0,3.0
1227,0.0,0.0,1.0,0.0,0.0,1.0,0.0,0.0,32.0,1625.0,796.0,1.0
1228,1.0,0.0,0.0,0.0,0.0,1.0,0.0,0.0,33.0,1465.0,98.0,4.0
1229,1.0,0.0,0.0,0.0,1.0,0.0,0.0,0.0,27.0,872.0,1130.0,3.0
1230,0.0,0.0,1.0,0.0,0.0,1.0,0.0,0.0,25.0,2506.0,485.0,1.0
1231,1.0,0.0,0.0,0.0,0.0,1.0,0.0,0.0,38.0,1199.0,178.0,1.0
1232,0.0,0.0,1.0,0.0,1.0,0.0,0.0,0.0,46.0,1790.0,214.0,5.0
1233,1.0,0.0,0.0,0.0,0.0,1.0,0.0,0.0,39.0,763.0,877.0,7.0
1234,1.0,0.0,0.0,0.0,1.0,0.0,0.0,0.0,31.0,660.0,115.0,1.0
1235,1.0,0.0,0.0,1.0,0.0,0.0,0.0,0.0,79.0,429.0,1006.0,2.0
1236,0.0,0.0,1.0,0.0,1.0,0.0,0.0,0.0,66.0,10177.0,272.0,4.0
1237,0.0,0.0,1.0,0.0,0.0,1.0,0.0,0.0,26.0,170.0,129.0,1.0
1238,1.0,0.0,0.0,0.0,1.0,0.0,0.0,0.0,57.0,0.0,97.0,1.0
1239,1.0,0.0,0.0,1.0,0.0,0.0,0.0,1.0,38.0,1147.0,249.0,5.0
1240,1.0,0.0,0.0,0.0,0.0,1.0,0.0,0.0,33.0,1064.0,562.0,1.0
1241,1.0,0.0,0.0,0.0,1.0,0.0,0.0,1.0,45.0,784.0,34.0,1.0
1242,1.0,0.0,0.0,0.0,0.0,1.0,0.0,0.0,47.0,2306.0,239.0,4.0
1243,0.0,0.0,1.0,0.0,1.0,0.0,0.0,0.0,28.0,16.0,119.0,4.0
1244,1.0,0.0,0.0,1.0,0.0,0.0,0.0,0.0,33.0,212.0,260.0,2.0
1245,1.0,0.0,0.0,0.0,1.0,0.0,0.0,0.0,35.0,5304.0,340.0,1.0
1246,0.0,0.0,1.0,0.0,0.0,1.0,0.0,0.0,32.0,2343.0,226.0,1.0
1247,1.0,0.0,0.0,0.0,1.0,0.0,0.0,0.0,24.0,4500.0,733.0,2.0
1248,1.0,0.0,0.0,0.0,0.0,1.0,0.0,0.0,58.0,1831.0,1531.0,1.0
1249,0.0,1.0,0.0,0.0,1.0,0.0,0.0,0.0,53.0,0.0,80.0,2.0
1250,1.0,0.0,0.0,0.0,1.0,0.0,0.0,1.0,40.0,-839.0,1018.0,2.0
1251,1.0,0.0,0.0,0.0,0.0,1.0,0.0,0.0,34.0,297.0,63.0,4.0
1252,0.0,0.0,1.0,0.0,1.0,0.0,0.0,0.0,30.0,315.0,1407.0,1.0
1253,0.0,0.0,1.0,0.0,1.0,0.0,0.0,0.0,26.0,203.0,104.0,1.0
1254,1.0,0.0,0.0,0.0,0.0,1.0,0.0,0.0,38.0,3234.0,578.0,2.0
1255,1.0,0.0,0.0,0.0,1.0,0.0,0.0,0.0,37.0,64.0,239.0,4.0
1256,1.0,0.0,0.0,0.0,1.0,0.0,0.0,0.0,32.0,889.0,185.0,1.0
1257,0.0,1.0,0.0,0.0,0.0,1.0,0.0,0.0,37.0,66.0,1164.0,2.0
1258,0.0,1.0,0.0,0.0,1.0,0.0,0.0,0.0,40.0,6.0,140.0,1.0
1259,0.0,0.0,1.0,0.0,1.0,0.0,0.0,0.0,26.0,1064.0,113.0,1.0
1260,1.0,0.0,0.0,0.0,0.0,1.0,0.0,0.0,36.0,925.0,321.0,3.0
1261,1.0,0.0,0.0,0.0,1.0,0.0,0.0,1.0,38.0,-762.0,408.0,2.0
1262,1.0,0.0,0.0,0.0,1.0,0.0,0.0,1.0,56.0,205.0,442.0,2.0
1263,0.0,0.0,1.0,0.0,0.0,1.0,0.0,0.0,52.0,83.0,1223.0,6.0
1264,0.0,0.0,1.0,0.0,0.0,1.0,0.0,0.0,35.0,5958.0,215.0,1.0
1265,0.0,0.0,1.0,0.0,0.0,1.0,0.0,1.0,30.0,-477.0,1532.0,2.0
1266,1.0,0.0,0.0,0.0,0.0,1.0,0.0,0.0,42.0,2187.0,525.0,3.0
1267,0.0,0.0,1.0,0.0,0.0,1.0,0.0,0.0,29.0,19.0,110.0,2.0
